sim_s,stage,x,y,z,yaw,odom_x,odom_y,odom_v,odom_w,margin_m,nearest_model,front_strip_range_m
64.0,initializing,-0.9906081674369733,8.497525938872686e-10,0.006132812320314742,-5.903164237854384e-09,0.00010990603308083313,-3.6625631866591827e-13,0.0,0.0,inf,,inf
64.201,initial_stop,-0.9906081674369733,8.497525938872686e-10,0.006132812320314742,-5.903164237854384e-09,0.00010990603308083313,-3.6625631866591827e-13,0.0,0.0,inf,,inf
64.415,initial_stop,-0.9906081674369733,8.497525938872686e-10,0.006132812320314742,-5.903164237854384e-09,0.00010990603308083313,-3.6625631866591827e-13,0.0,0.0,inf,,inf
64.624,initial_stop,-0.9906081674369733,8.497525938872686e-10,0.006132812320314742,-5.903164237854384e-09,0.00010990603308083313,-3.6625631866591827e-13,0.0,0.0,inf,,inf
64.83,initial_stop,-0.9906081674369733,8.497525938872686e-10,0.006132812320314742,-5.903164237854384e-09,0.00010990603308083313,-3.6625631866591827e-13,0.0,0.0,inf,,inf
65.053,initial_stop,-0.9906081674369733,8.497525938872686e-10,0.006132812320314742,-5.903164237854384e-09,0.00010990603308083313,-3.6625631866591827e-13,0.0,0.0,inf,,inf
65.278,initial_stop,-0.9906081674369733,8.497525938872686e-10,0.006132812320314742,-5.903164237854384e-09,0.00010990603308083313,-3.6625631866591827e-13,0.0,0.0,inf,,inf
65.488,initial_stop,-0.9906081674369733,8.497525938872686e-10,0.006132812320314742,-5.903164237854384e-09,0.00010990603308083313,-3.6625631866591827e-13,0.0,0.0,inf,,inf
65.696,route_1_to_8,-0.982733193137923,7.999939920091388e-10,0.00613288422367149,-5.249149005465344e-09,0.007012906030195913,-4.088508641858927e-11,0.11249999997529599,9.68422195034246e-09,inf,,inf
65.897,route_1_to_8,-0.9383882155142202,6.352500525780524e-10,0.006132883451347463,-4.07952375195038e-09,0.05092990602594189,-2.3648491497179916e-10,0.27999999999475456,7.505823919385171e-09,inf,,inf
66.115,route_1_to_8,-0.8773482012391317,4.816318746823523e-10,0.006132879524679912,-3.3894414798148143e-09,0.10804990602487208,-4.099668638939871e-10,0.2799999999947518,6.209461708258394e-09,inf,,inf
66.316,route_1_to_8,-0.8210681876525263,3.681001496875607e-10,0.006132873001938975,-2.8184182429158595e-09,0.16516990602380188,-5.109420492472039e-10,0.2799999999947622,5.191053680099163e-09,inf,,inf
66.529,route_1_to_8,-0.7614281758681049,2.6966796866183075e-10,0.006132863322350657,-2.297585744043018e-09,0.2318099060225523,-5.527966462102646e-10,0.2799999999947622,4.233495274771456e-09,inf,,inf
66.751,route_1_to_8,-0.6992681673102212,1.8767924141705396e-10,0.006132850707498101,-1.8342611374459462e-09,0.2889299060214804,-5.355319834475119e-10,0.2799999999947455,3.3898153101712253e-09,inf,,inf
66.97,route_1_to_8,-0.6379481632951693,1.243689230933552e-10,0.006132836422247731,-1.4461060624410029e-09,0.3460499060204069,-4.789653560950031e-10,0.27999999999474834,2.705908973590641e-09,inf,,inf
67.173,route_1_to_8,-0.5811081639051281,7.885593451152987e-11,0.00613282244299397,-1.1419788105187596e-09,0.40316990601933467,-3.9069528853845645e-10,0.2799999999947761,2.1274111504690227e-09,inf,,inf
67.388,route_1_to_8,-0.5209081708995413,4.1540254096710394e-11,0.006132816900185642,-9.948010000580489e-10,0.4698099060180859,-2.562487351953494e-10,0.27999999999474556,1.7759270756487826e-09,inf,,inf
67.597,route_1_to_8,-0.4623881775501914,6.869786353561381e-12,0.006132829776706353,-1.0191717537448123e-09,0.5269299060170112,-1.1805897420346468e-10,0.2799999999947511,1.8250275842539792e-09,inf,,inf
67.797,route_1_to_8,-0.4063881795543464,-2.7511443345176356e-11,0.00613284343617233,-1.0403487420975826e-09,0.5840499060159372,4.141016585866737e-11,0.27999999999474556,1.8703855668568097e-09,inf,,inf
68.016,route_1_to_8,-0.3450681772966603,-6.610150701300671e-11,0.006132857098081325,-1.0599510330703748e-09,0.6411699060148666,2.226996561066143e-10,0.2799999999947844,1.913523103410391e-09,inf,,inf
68.229,route_1_to_8,-0.28542817123809394,-1.0434474082243113e-10,0.006132868225353789,-1.075576823481328e-09,0.6982899060137917,4.262946877895349e-10,0.27999999999474556,1.9489965197294623e-09,inf,,inf
68.444,route_1_to_8,-0.22522816204692428,-1.4345953331286005e-10,0.006132876752800236,-1.0883018513712018e-09,0.7649299060125421,6.925738788362612e-10,0.2799999999948066,1.984111799588977e-09,inf,,inf
68.672,route_1_to_8,-0.16138814996030423,-1.8532372095867148e-10,0.006132882396847958,-1.09901942669207e-09,0.8315699060112889,9.903497786754552e-10,0.27999999999474556,2.015180137455504e-09,inf,,inf
68.875,route_1_to_8,-0.10454813815009799,-2.228215386392436e-10,0.006132884248070742,-1.106685314310146e-09,0.8886899060102136,1.2710275188741425e-09,0.2799999999947511,2.0360415862246705e-09,inf,,inf
69.081,route_1_to_8,-0.046868124549368124,-2.682507028424917e-10,0.006132883032720389,-1.0683754747012257e-09,0.9458099060091398,1.5753977753868288e-09,0.27999999999474556,1.998741673961861e-09,inf,,inf
69.282,route_1_to_8,0.009411890440332388,-3.1127065960030157e-10,0.006132878903331205,-1.0272409998218184e-09,0.9934099060082442,1.8467851307622316e-09,0.27999999999474556,1.9393626489673922e-09,inf,,inf
69.493,route_1_to_8,0.06849190439653435,-3.552022524730056e-10,0.00613287160000311,-9.951024420706088e-10,1.0600499060069906,2.2529240771675715e-09,0.2799999999947511,1.876133657032692e-09,inf,,inf
69.698,route_1_to_8,0.12589191530910596,-3.9674719051076246e-10,0.006132861899280519,-9.682185828811529e-10,1.1171699060059157,2.624757017104273e-09,0.2799999999947844,1.8375623603384566e-09,inf,,inf
69.933,route_1_to_8,0.19169192369365176,-4.4320636414073347e-10,0.006132848187317196,-9.414722079490908e-10,1.1838099060046618,3.085591230193529e-09,0.2799999999947511,1.8014263915692054e-09,inf,,inf
70.155,route_1_to_8,0.25385192686013935,-4.860657661214083e-10,0.006132833451517298,-9.181796722220839e-10,1.2409299060035868,3.5033254752517747e-09,0.2799999999947511,1.769337364792943e-09,inf,,inf
70.368,route_1_to_8,0.3134919251604288,-5.260901157240454e-10,0.006132818885507422,-8.916545514100372e-10,1.2980499060025115,3.941684442333066e-09,0.27999999999474,1.7387883247927737e-09,inf,,inf
70.583,route_1_to_8,0.3736919168694811,-5.652040401674111e-10,0.006132819674867255,-6.844804866782146e-10,1.3646899060012578,4.47841833753726e-09,0.27999999999474,1.458080967792387e-09,inf,,inf
70.786,route_1_to_8,0.43053191152549913,-5.92941540518031e-10,0.006132833047248008,-4.3859946227607083e-10,1.4218099060001825,4.956649711556679e-09,0.27999999999474,9.77032075316093e-10,inf,,inf
71.012,route_1_to_8,0.4938119106271896,-6.130048458736993e-10,0.006132848222361904,-2.0213292225538188e-10,1.47892990599911,5.446289061000435e-09,0.27999999999474,5.787843322892631e-10,inf,,inf
71.215,route_1_to_8,0.5506519139023868,-6.227975904936187e-10,0.006132860332548864,-1.9355030704263278e-11,1.5360499059980346,5.942773360957246e-09,0.27999999999474,2.7393857791476843e-10,inf,,inf
71.442,route_1_to_8,0.6142119214209032,-6.259273873746463e-10,0.006132871380838383,1.5606400492092875e-10,1.6026899059967827,6.5255745881526925e-09,0.2799999999947511,-7.499377463113154e-11,inf,,inf
71.681,route_1_to_8,0.6811319326849952,-6.216966819558841e-10,0.006132879560071991,3.123599411331956e-10,1.66932990599553,7.107109129043916e-09,0.27999999999487324,-3.5860203695392556e-10,inf,,inf
71.892,route_1_to_8,0.740211944435727,-6.125598368894907e-10,0.006132883473825248,4.296991222976258e-10,1.726449905994456,7.601085647090324e-09,0.2799999999947511,-5.829745288660741e-10,inf,,inf
72.123,route_1_to_8,0.8048919583642536,-5.93653187611951e-10,0.006132884004474855,5.224457297664328e-10,1.7930899059932095,8.168667759156657e-09,0.2799999999947511,-7.778007628648112e-10,inf,,inf
72.331,route_1_to_8,0.863131973557526,-5.692248836866186e-10,0.0061328811610513664,5.508991605253615e-10,1.8502099059921364,8.645574674439874e-09,0.27999999999474,-8.385765200515498e-10,inf,,inf
72.532,route_1_to_8,0.9194119877918588,-5.439269475831219e-10,0.0061328755140942015,5.8850273414907e-10,1.9073299059910664,9.11269798755832e-09,0.2799999999947511,-9.117437987389432e-10,inf,,inf
72.743,route_1_to_8,0.9784920004270857,-5.159639219712888e-10,0.006132866765071378,6.225393764206304e-10,1.9644499059899911,9.569220375406708e-09,0.2799999999947511,-9.767097525024924e-10,2.273063821009249,crowd_00,inf
72.969,route_1_to_8,1.0417720104094066,-4.84613292338251e-10,0.00613285464507431,6.534948870740007e-10,2.031089905988737,1.0087421443725207e-08,0.2799999999947289,-1.0424636064770666e-09,2.2211549420835066,crowd_00,inf
73.195,route_1_to_8,1.1050520159023314,-4.520360624126166e-10,0.006132840349420869,6.787823438287081e-10,2.0882099059876618,1.051847078551448e-08,0.2799999999947289,-1.0890213462194112e-09,2.169570882269083,crowd_00,inf
73.417,route_1_to_8,1.1672120163600255,-4.191655653306002e-10,0.006132825128330278,6.960302896694743e-10,2.1548499059864072,1.1005251835984427e-08,0.2799999999947511,-1.1359372224213133e-09,2.1190507645838896,crowd_00,inf
73.639,route_1_to_8,1.2293720103782937,-3.8567302250458227e-10,0.0061328156088274015,6.239770185406317e-10,2.2214899059851527,1.147405747634806e-08,0.2799999999947511,-1.103418431893583e-09,2.0689840820570096,crowd_00,inf
73.839,route_1_to_8,1.2853720031898588,-3.6020963363290006e-10,0.006132826963934174,3.9300016363580996e-10,2.2786099059840774,1.186284261216802e-08,0.27999999999488434,-6.851150471315885e-10,2.024297880670235,crowd_00,inf
74.052,route_1_to_8,1.345012000285336,-3.4274700910055585e-10,0.006132841553862846,1.7795813732183923e-10,2.335729905983005,1.2244070047042803e-08,0.2799999999946401,-3.008346260274617e-10,1.9771664213809932,crowd_00,inf
74.286,route_1_to_8,1.4105320022429384,-3.3311992712340227e-10,0.006132856332652366,-2.423635741091252e-11,2.4023699059817503,1.2685086710753194e-08,0.2799999999946401,7.778723901567225e-11,1.9249931519280565,crowd_00,inf
74.496,route_1_to_8,1.469332007976514,-3.316836771520486e-10,0.006132867467715984,-1.7915035720523707e-10,2.4594899059806785,1.3064107168761603e-08,0.2799999999947067,3.8399391193648154e-10,1.8779190767013336,crowd_00,inf
74.697,route_1_to_8,1.5256120162979456,-3.357165126390474e-10,0.006132875735537499,-3.069983331916497e-10,2.507089905979785,1.338319210115312e-08,0.2799999999946179,5.639216692176681e-10,1.8333126198557377,crowd_00,inf
74.897,route_1_to_8,1.581612026575778,-3.442114020228075e-10,0.00613288130735284,-4.170076323151983e-10,2.5642099059787133,1.37724734948753e-08,0.27999999999486214,7.63690186358285e-10,1.7893884449874768,crowd_00,inf
75.101,route_1_to_8,1.6387320382614103,-3.5682169171097796e-10,0.006132884036319143,-5.141066778057874e-10,2.630849905977466,1.423847804177435e-08,0.27999999999488434,1.0091569157383115e-09,1.7450840588999843,crowd_00,inf
75.305,route_1_to_8,1.6958520509851935,-3.7837492893374134e-10,0.006132883697005613,-5.708580208890354e-10,2.6784499059765707,1.4580947248453022e-08,0.27999999999488434,1.119892709033182e-09,1.7013099834659982,crowd_00,inf
75.528,route_1_to_8,1.7582920675357303,-4.0636828884928325e-10,0.006132879881884549,-5.93623832581496e-10,2.7450899059753118,1.5075629593824332e-08,0.2799999999946401,1.1765498969350208e-09,1.654099768009147,crowd_00,inf
75.753,route_1_to_8,1.8212920827576193,-4.3619399139790997e-10,0.006132872542544749,-6.242307772019648e-10,2.802209905974239,1.5514437666690527e-08,0.27999999999486214,1.2357140400537548e-09,1.6071842639723997,crowd_00,inf
75.964,route_1_to_8,1.880372094285773,-4.6524851573639963e-10,0.006132862801211945,-6.487047052485018e-10,2.8688499059729904,1.6044593623922892e-08,0.27999999999488434,1.2950930650482228e-09,1.563882276885455,crowd_00,inf
76.196,route_1_to_8,1.9453321029386632,-4.982424483402005e-10,0.006132849454976099,-6.711704098839249e-10,2.935489905971746,1.6595292653903193e-08,0.27999999999486214,1.349314925025077e-09,1.5170932043895027,crowd_00,inf
76.401,route_1_to_8,2.0027321064446655,-5.281409585591287e-10,0.006132835998878605,-6.866501109821005e-10,2.99260990597067,1.7084335484383583e-08,0.2799999999946179,1.3870625078623326e-09,1.476508517028333,crowd_00,inf
76.608,route_1_to_8,2.060692105654627,-5.587352071389573e-10,0.006132821750163922,-6.949589777340489e-10,3.049729905969599,1.7589560412862383e-08,0.27999999999483993,1.4170027158812563e-09,1.436292707178175,crowd_00,inf
76.841,route_1_to_8,2.1259320976198253,-5.933383138501563e-10,0.006132818287900131,-5.444061600423074e-10,3.1163699059683454,1.819975446684557e-08,0.27999999999486214,1.2466013884242726e-09,1.391998786995364,crowd_00,inf
77.076,route_1_to_8,2.1917320911938707,-6.187673605775377e-10,0.006132833517964173,-2.8338809974313333e-10,3.1830099059670935,1.8829051690054094e-08,0.27999999999488434,7.70065015338391e-10,1.3484324128494158,crowd_00,inf
77.277,route_1_to_8,2.248012090285957,-6.314882446786067e-10,0.006132847053776963,-9.07843726218511e-11,3.2401299059660236,1.937821423676397e-08,0.27999999999486214,4.2675540520752787e-10,1.3121050892705952,crowd_00,inf
77.5,route_1_to_8,2.310452093719668,-6.374259294834188e-10,0.00613286043211279,9.331161379702937e-11,3.297249905964951,1.993200569808727e-08,0.27999999999488434,8.502159549871359e-11,1.2728707955431613,crowd_00,inf
77.7,route_1_to_8,2.3664521001861356,-6.365121596742944e-10,0.0061328703032666985,2.352520248989091e-10,3.3543699059638747,2.048685900064916e-08,0.2799999999946179,-1.7083109120845151e-10,1.2386925232382797,crowd_00,inf
77.917,route_1_to_8,2.4272121100220203,-6.29862084082192e-10,0.0061328782500648235,3.6783845491547516e-10,3.4114899059627994,2.1039654313590054e-08,0.27999999999486214,-3.882199221592483e-10,1.2027492863979825,crowd_00,inf
78.15,route_1_to_8,2.4924521227523666,-6.1717059630717e-10,0.006132883177214752,4.888768208866791e-10,3.4781299059615503,2.167842282574166e-08,0.2799999999948177,-6.416372809414291e-10,1.1655511627836463,crowd_00,inf
78.384,route_1_to_8,2.5579721366906423,-5.965131647430194e-10,0.006132884122868456,5.797970951330929e-10,3.5447699059602993,2.2307058623813297e-08,0.27999999999490655,-8.262924394887617e-10,1.1297320464387404,crowd_00,inf
78.605,route_1_to_8,2.619852152643184,-5.681809641223365e-10,0.006132881352196738,6.029223898548013e-10,3.6018899059592284,2.2835679843418248e-08,0.27999999999486214,-8.79296635503124e-10,1.0973994730193848,crowd_00,inf
78.823,route_1_to_8,2.68089216808154,-5.386629251785169e-10,0.006132875239619591,6.366684441624136e-10,3.6685299059579792,2.343934289018264e-08,0.2799999999946845,-9.535025099232315e-10,1.067007416732707,crowd_00,inf
79.046,route_1_to_8,2.743332181236464,-5.071630734895186e-10,0.006132865808127333,6.660510011478468e-10,3.7256499059569057,2.394480192164915e-08,0.27999999999486214,-1.0126666530419653e-09,1.037541009254648,crowd_00,inf
79.259,route_1_to_8,2.8029721904189473,-4.759977891033322e-10,0.006132854241893599,6.898015720955878e-10,3.792289905955659,2.451958609308013e-08,0.27999999999486214,-1.0669601403107308e-09,1.011003562015451,crowd_00,inf
79.487,route_1_to_8,2.8668121957913284,-4.4165590647026976e-10,0.006132839759492508,7.103693822797052e-10,3.858929905954411,2.5077421567484843e-08,0.2799999999946179,-1.117457381108198e-09,0.9844208142970756,crowd_00,inf
79.687,route_1_to_8,2.922812196250368,-4.1093733699069203e-10,0.006132826038380411,7.22493544751543e-10,3.9160499059533462,2.5541472734087822e-08,0.27999999999486214,-1.1520533631013558e-09,0.9627228625231208,crowd_00,inf
79.888,route_1_to_8,2.9790921918410804,-3.7989000855914946e-10,0.006132814709327791,6.89946380860691e-10,3.9731699059522727,2.599211985162294e-08,0.2799999999946179,-1.1383725503462976e-09,0.9425037048565135,crowd_00,inf
80.099,route_1_to_8,3.0381721835693263,-3.5059689882157896e-10,0.006132825406187731,4.393888492249852e-10,4.020769905951379,2.6357984081008886e-08,0.27999999999486214,-7.717124430523508e-10,0.9230535066415531,crowd_00,inf
80.312,route_1_to_8,3.0978121801494054,-3.3133512569997405e-10,0.006132839989823612,2.1834820491844358e-10,4.087409905950124,2.686031974891481e-08,0.2799999999947289,-3.0971641022446293e-10,0.9053269327828013,crowd_00,inf
80.516,route_1_to_8,3.1549321811328435,-3.2095666081498146e-10,0.006132853164298731,3.523880066833665e-11,4.144529905949048,2.7286503016422475e-08,0.27999999999486214,1.7620313810179905e-11,0.8902038868599029,crowd_00,inf
80.755,route_1_to_8,3.2218521869214407,-3.17285067299694e-10,0.0061328663072266094,-1.481276305450824e-10,4.211169905947793,2.7784144369169694e-08,0.2799999999946401,3.2805299695375596e-10,0.8748631830549056,crowd_00,inf
80.958,route_1_to_8,3.2786921950400734,-3.2026378664561916e-10,0.006132874949230537,-2.8098164701968465e-10,4.268289905946716,2.821489478803666e-08,0.2799999999946401,5.816136103197596e-10,0.8638993633175882,crowd_00,inf
81.196,route_1_to_8,3.345332207223401,-3.297433727587595e-10,0.0061328816277267835,-4.138621156084118e-10,4.33492990594546,2.8726374210083416e-08,0.27999999999486214,8.313063499225526e-10,0.8525431270123249,crowd_00,inf
81.399,route_1_to_8,3.4021722189067254,-3.421635910126094e-10,0.006132884114609273,-5.105166800172765e-10,4.392049905944381,2.9175296457493814e-08,0.27999999999486214,1.030143712268323e-09,0.8428821926363337,crowd_00,inf
81.601,route_1_to_8,3.458732231653579,-3.638754559076085e-10,0.006132883574726894,-5.629738433429499e-10,4.449169905943307,2.9636197805139176e-08,0.27999999999486214,1.148758507673436e-09,0.8332688488887456,crowd_00,inf
81.825,route_1_to_8,3.521452248311845,-3.9169370777776946e-10,0.006132879529513475,-5.873304310566679e-10,4.506289905942223,3.011041851199103e-08,0.2799999999946401,1.2007599216010403e-09,0.8112699801924301,crowd_01,inf
82.073,route_1_to_8,3.5908922647595363,-4.243241666217753e-10,0.00613287103052955,-6.21027150022147e-10,4.582449905940786,3.076459856212344e-08,0.27999999999486214,1.2753955597726151e-09,0.786108670379017,crowd_01,inf
82.291,route_1_to_8,3.651932276042443,-4.541975883872689e-10,0.0061328604720543006,-6.458747319335044e-10,4.639569905939716,3.1272589022506006e-08,0.27999999999486214,1.3395736133251404e-09,0.7651184521887437,crowd_01,inf
82.501,route_1_to_8,3.7107322832793526,-4.83875662558067e-10,0.00613284808435302,-6.658016593450699e-10,4.696689905938632,3.1796196601124835e-08,0.27999999999490655,1.38469880722926e-09,0.7469752529615428,crowd_01,inf
82.736,route_1_to_8,3.7765322864378748,-5.179115967583578e-10,0.006132832444055097,-6.825612174436113e-10,4.763329905937374,3.2427584522499894e-08,0.27999999999486214,1.4424304045097679e-09,0.7291817813244554,crowd_01,inf
82.961,route_1_to_8,3.83953228416281,-5.507947927910819e-10,0.006132817207512543,-6.861855398660705e-10,4.829969905936114,3.3081807538836495e-08,0.27999999999441805,1.4728003762801594e-09,0.7147151375999865,crowd_01,inf
83.169,route_1_to_8,3.8977722756996704,-5.807128177631877e-10,0.0061328208303273075,-4.84860674582485e-10,4.887089905935019,3.3660823700064975e-08,0.27999999999441805,1.2258294737699956e-09,0.703644017611881,crowd_01,inf
83.389,route_1_to_8,3.9593722705753245,-6.024279520984169e-10,0.00613283557446324,-2.4650583008056635e-10,4.944209905933935,3.425367904328027e-08,0.27999999999486214,8.327388957607788e-10,0.6943993755708566,crowd_01,inf
83.623,route_1_to_8,4.024892270580562,-6.149973641537253e-10,0.006132851037468133,-2.9388436733590306e-11,5.010849905932661,3.495682801924352e-08,0.2799999999945957,3.9552590593420086e-10,0.6874011884223497,crowd_01,inf
83.832,route_1_to_8,4.083412274801959,-6.185010829119907e-10,0.006132863046157072,1.3646598885800274e-10,5.067969905931568,3.556485511629035e-08,0.27999999999486214,1.2019059582716212e-10,0.6836555554532389,crowd_01,inf
84.035,route_1_to_8,4.140252282074671,-6.159887858118675e-10,0.0061328724773140565,2.7541101310977195e-10,5.125089905930469,3.617408009670672e-08,0.27999999999490655,-1.5242287718724733e-10,0.6822988917561528,crowd_01,inf
84.253,route_1_to_8,4.2012922925283975,-6.077759775271418e-10,0.0061328797059797225,4.037470141029202e-10,5.191729905929148,3.688240910839641e-08,0.27999999999486214,-4.02688635125331e-10,0.6833527394201253,crowd_01,inf
84.459,route_1_to_8,4.25897230401957,-5.955431963673821e-10,0.006132883480637053,5.07838263543332e-10,5.2488499059280365,3.748453443896967e-08,0.27999999999490655,-5.856247386667922e-10,0.6867329507801845,crowd_01,inf
84.695,route_1_to_8,4.32505231828516,-5.72748021722045e-10,0.006132883968749913,5.912943573062505e-10,5.315489905926764,3.8178036997820076e-08,0.27999999999490655,-7.684175876244309e-10,0.6934313187159553,crowd_01,inf
84.898,route_1_to_8,4.3818923331522805,-5.464008390790417e-10,0.0061328811477350965,6.113483951476364e-10,5.372609905925685,3.8762922549499286e-08,0.27999999999490655,-8.219948019740835e-10,0.7015768952427743,crowd_01,inf
85.101,route_1_to_8,4.4387323475134695,-5.185934115004989e-10,0.006132875422186839,6.430855467218483e-10,5.429729905924599,3.9338194716308864e-08,0.2799999999948177,-8.85026818856028e-10,0.7118886989245883,crowd_01,inf
85.311,route_1_to_8,4.497532360061242,-4.886608381142739e-10,0.006132866687208019,6.712969654081905e-10,5.48684990592351,3.990312963779352e-08,0.2799999999945957,-9.490616178247305e-10,0.724787189921702,crowd_01,inf
85.531,route_1_to_8,4.559132369804702,-4.5618820996399985e-10,0.006132854902605928,6.963165633688666e-10,5.543969905922419,4.0457006934555655e-08,0.27999999999437364,-1.0042146325964322e-09,0.7406697590188598,crowd_01,inf
85.742,route_1_to_8,4.618212375172286,-4.241316255833748e-10,0.00613284163891887,7.159453416919442e-10,5.610609905921166,4.108838792289589e-08,0.27999999999437364,-1.0557862827725683e-09,0.7581108705645623,crowd_01,inf
85.951,route_1_to_8,4.676732376159425,-3.9173592215294026e-10,0.006132827365521465,7.29554483109581e-10,5.667729905920075,4.1616250325162006e-08,0.27999999999437364,-1.0941785112370253e-09,0.7774444866638062,crowd_01,inf
86.164,route_1_to_8,4.736372371987739,-3.58606269734045e-10,0.006132814599554587,7.065252906016508e-10,5.724849905918992,4.2131345384116494e-08,0.2799999999948177,-1.1119420796310276e-09,0.7991756513104318,crowd_01,inf
86.394,route_1_to_8,4.800772363027262,-3.2648026218595263e-10,0.006132826196957045,4.33382592962658e-10,5.791489905917734,4.2717054780644446e-08,0.27999999999441805,-6.771644177294341e-10,0.8234311112691679,crowd_01,inf
86.629,route_1_to_8,4.866572359809572,-3.060188372406564e-10,0.006132842266319836,1.9285855855804463e-10,5.848609905916648,4.321055735910763e-08,0.27999999999437364,-2.5356061336600355e-10,0.8472831919082995,crowd_01,inf
86.862,route_1_to_8,4.931812361976665,-2.9580894172840823e-10,0.006132856892462022,-9.647348027759397e-12,5.9152499059153865,4.3782617422960856e-08,0.27999999999446246,1.0629490119636983e-10,0.8730029940718607,crowd_01,inf
87.09,route_1_to_8,4.995652368520091,-2.939456167741255e-10,0.006132868751737757,-1.778272888013395e-10,5.981889905914128,4.4356515809598563e-08,0.27999999999486214,4.316260610574964e-10,0.8992684688073713,crowd_01,inf
87.291,route_1_to_8,5.051932377164608,-2.979294568902641e-10,0.00613287666903296,-3.048946450417557e-10,6.039009905913037,4.485379549815628e-08,0.2799999999947289,6.741560714691597e-10,0.9195468184943001,shopper_fruit,inf
87.495,route_1_to_8,5.109052387878004,-3.0655620413779e-10,0.006132881930038688,-4.162053042855619e-10,6.096129905911946,4.535903577812569e-08,0.27999999999486214,9.098098618573381e-10,0.8952670150799216,shopper_fruit,inf
87.701,route_1_to_8,5.166732399789187,-3.1927408638483267e-10,0.006132884190426768,-5.131917574497804e-10,6.153249905910874,4.587478888895899e-08,0.27999999999486214,1.0668168857269085e-09,0.8724219976700993,shopper_fruit,inf
87.913,route_1_to_8,5.226092413488112,-3.4292176948230965e-10,0.0061328832562523704,-5.594184549110913e-10,6.210369905909793,4.640318437960867e-08,0.27999999999432923,1.2160881620700585e-09,0.8507423084220211,shopper_fruit,inf
88.122,route_1_to_8,5.284612429080619,-3.687587845709062e-10,0.006132879163920551,-5.834469888028086e-10,6.267489905908704,4.6945680766937544e-08,0.27999999999486214,1.2659407572403236e-09,0.8312608590719153,shopper_fruit,inf
88.336,route_1_to_8,5.344532443322286,-3.966005403607457e-10,0.006132871869880627,-6.118726929734023e-10,6.334129905907437,4.7597438709852745e-08,0.27999999999490655,1.3614915646499984e-09,0.8133329094731194,shopper_fruit,inf
88.55,route_1_to_8,5.404452454740891,-4.254865710596498e-10,0.006132861769778627,-6.359024080616168e-10,6.391249905906362,4.817320108909226e-08,0.27999999999486214,1.4263858911216366e-09,0.7975188159165378,shopper_fruit,inf
88.776,route_1_to_8,5.4677324628460235,-4.569583444853914e-10,0.0061328486006468055,-6.567422381811132e-10,6.457889905905107,4.8865984811024654e-08,0.27999999999486214,1.4968671463623564e-09,0.7831851394749547,shopper_fruit,inf
88.995,route_1_to_8,5.529052466144021,-4.881942173160595e-10,0.006132834108129753,-6.717827321618631e-10,6.515009905904023,4.947869279417321e-08,0.27999999999490655,1.5545987436428643e-09,0.7716790247563017,shopper_fruit,inf
89.197,route_1_to_8,5.585612464846472,-5.173015075851388e-10,0.0061328202335258234,-6.773129188601609e-10,6.5721299059028935,5.010951145260308e-08,0.27999999999486214,1.5997239375469834e-09,0.7631930614535432,shopper_fruit,inf
89.412,route_1_to_8,5.645812456981755,-5.484675262837163e-10,0.006132818533428799,-5.209289785803796e-10,6.638769905901606,5.086884400589722e-08,0.27999999999486214,1.404038176045311e-09,0.756443147929337,shopper_fruit,inf
89.641,route_1_to_8,5.709932450761517,-5.724637056399974e-10,0.006132833423289056,-2.6657434536647406e-10,6.69588990590047,5.153735573999775e-08,0.27999999999486214,9.99487231330286e-10,0.7518764437111671,shopper_fruit,inf
89.868,route_1_to_8,5.773492449993677,-5.856544338630778e-10,0.00613284863355454,-5.0307816974131386e-11,6.76252990589919,5.233186685637895e-08,0.27999999999486214,6.207221117033294e-10,0.7500433556839923,shopper_fruit,inf
90.091,route_1_to_8,5.83593245390378,-5.900246698579189e-10,0.006132861766644044,1.3126077991902577e-10,6.819649905898068,5.3020835108994194e-08,0.27999999999437364,3.6587220708292257e-10,0.7499993979251456,shopper_fruit,inf
90.291,route_1_to_8,5.891932460718031,-5.878021730007622e-10,0.006132871357475778,2.713406608827675e-10,6.876769905896967,5.371362545410156e-08,0.27999999999486214,6.317527146576698e-11,0.7499996036224341,shopper_fruit,inf
90.492,route_1_to_8,5.948212470007795,-5.805840966668739e-10,0.006132878501193718,3.9324948271858225e-10,6.933889905895874,5.440722009462059e-08,0.2799999999948177,-1.544284413607637e-10,0.749999810343233,shopper_fruit,inf
90.701,route_1_to_8,6.006732481415345,-5.685489083791876e-10,0.006132882973201914,5.027264169881841e-10,7.00052990589457,5.5213984707913777e-08,0.27999999999486214,-3.803409200490053e-10,0.7500000252872026,shopper_fruit,inf
90.928,route_1_to_8,6.070292494815344,-5.489386057757366e-10,0.006132884206110898,5.969634540937361e-10,7.05764990589343,5.5900865586183915e-08,0.27999999999486214,-5.470892556185126e-10,0.750000258736558,shopper_fruit,inf
91.156,route_1_to_8,6.134132511031139,-5.187157467598192e-10,0.006132881658656278,6.22471195131722e-10,7.124289905892106,5.669429849481942e-08,0.27999999999437364,-6.033883070607947e-10,0.7500004932038085,shopper_fruit,inf
91.379,route_1_to_8,6.1965725269427105,-4.874582293291217e-10,0.006132875603001121,6.594818526512999e-10,7.181409905891012,5.7366637490553355e-08,0.27999999999486214,-6.820350735794026e-10,0.750000722527536,shopper_fruit,inf
91.58,route_1_to_8,6.252852539076836,-4.5807544204488414e-10,0.006132867360059518,6.879445729954006e-10,7.238529905889896,5.8030986972032704e-08,0.27999999999441805,-7.427750171201854e-10,0.7504783049408321,shopper_fruit,inf
91.791,route_1_to_8,6.311932548738115,-4.2615058059469237e-10,0.006132856254810545,7.133947131724018e-10,7.295649905888792,5.86865744384562e-08,0.27999999999486214,-8.166943823726475e-10,0.7531294630499781,shopper_fruit,inf
91.997,route_1_to_8,6.36961255447303,-3.9406932958937274e-10,0.006132843497088083,7.338830268824483e-10,7.352769905887693,5.933266142444884e-08,0.27999999999486214,-8.659739592076223e-10,0.7579480236491904,shopper_fruit,inf
92.201,route_1_to_8,6.426732556075295,-3.61620750659116e-10,0.006132829663922366,7.488020462253595e-10,7.4098899058865895,5.996858890041991e-08,0.27999999999490655,-9.194079189734523e-10,0.7648705595818335,shopper_fruit,inf
92.424,route_1_to_8,6.489172552928514,-3.260369933092641e-10,0.006132815088782263,7.479274127847838e-10,7.476529905885216,6.069690078114539e-08,0.2799999999948177,-9.606652391143611e-10,0.77485168355873,shopper_fruit,inf
92.627,route_1_to_8,6.546012544246975,-2.9533792548033644e-10,0.006132822897255194,5.104363227928956e-10,7.533649905884101,6.130955430019019e-08,0.27999999999486214,-6.049641074828432e-10,0.7860896164592723,shopper_fruit,inf
92.863,route_1_to_8,6.61209253978557,-2.715278128190921e-10,0.006132838946085514,2.5962236499153026e-10,7.600289905882827,6.201537140452421e-08,0.27999999999486214,-1.9095836023552687e-10,0.8016714915244274,shopper_fruit,inf
93.078,route_1_to_8,6.672292540618003,-2.5923034061386067e-10,0.006132852898369692,6.417523994162814e-11,7.657409905881719,6.26178032623171e-08,0.27999999999486214,1.6202093430336157e-10,0.8181576240245598,shopper_fruit,inf
93.297,route_1_to_8,6.73361254567481,-2.544542665053363e-10,0.006132865104079298,-1.0648693347906127e-10,7.724049905880438,6.332322820144045e-08,0.27999999999437364,5.134244284202012e-10,0.8340729754514957,crowd_02,inf
93.513,route_1_to_8,6.794092554068076,-2.56235530182107e-10,0.006132874533673395,-2.5021815495379627e-10,7.78116990587936,6.393420506081428e-08,0.27999999999486214,7.877569564404822e-10,0.8259934967651614,crowd_02,inf
93.721,route_1_to_8,6.852332564500094,-2.631057246794095e-10,0.006132880751665397,-3.688745324873963e-10,7.838289905878218,6.455430695419186e-08,0.27999999999437364,1.0139559442963689e-09,0.820376924308506,crowd_02,inf
93.929,route_1_to_8,6.910572576316953,-2.742828657490922e-10,0.006132883893184394,-4.70613322832083e-10,7.895409905877133,6.51863236604479e-08,0.27999999999486214,1.2539073721992248e-09,0.8162147629905281,crowd_02,inf
94.138,route_1_to_8,6.969092589169768,-2.9397299524848844e-10,0.006132883837325825,-5.359243447209834e-10,7.962049905875818,6.594230899372094e-08,0.27999999999490655,1.4551800624699793e-09,0.8120752210201212,crowd_02,inf
94.352,route_1_to_8,7.029012604983992,-3.192041523749443e-10,0.00613288049867026,-5.556855601110359e-10,8.019169905874728,6.660861837508453e-08,0.2799999999948177,1.5772329678868353e-09,0.8078366467523703,crowd_02,inf
94.574,route_1_to_8,7.091172620294716,-3.4669739652001756e-10,0.006132873657381495,-5.824924216027029e-10,8.076289905873566,6.72933239159677e-08,0.27999999999490655,1.7121787858477253e-09,0.8034396211862438,crowd_02,inf
94.791,route_1_to_8,7.151932632528438,-3.744866634333132e-10,0.006132863961670488,-6.033038958328245e-10,8.142929905872224,6.811738950092677e-08,0.27999999999490655,1.8531412963291642e-09,0.7991416279198154,crowd_02,inf
94.991,route_1_to_8,7.2079326406503235,-4.007259872400085e-10,0.006132852804179779,-6.179226606282286e-10,8.20004990587106,6.88471511552587e-08,0.27999999999490655,1.9975419168223464e-09,0.795180344025731,crowd_02,inf
95.194,route_1_to_8,7.264772645215589,-4.27779426872419e-10,0.006132839824051668,-6.2782852818654e-10,8.257169905869945,6.960031805596257e-08,0.2799999999948177,2.164576761559499e-09,0.7911596411330191,crowd_02,inf
95.4,route_1_to_8,7.322452645645347,-4.5536627182767586e-10,0.0061328256904930375,-6.306671384648015e-10,8.304769905869001,7.024715348240441e-08,0.27999999999490655,2.305252762873293e-09,0.7873237009921832,crowd_02,inf
95.601,route_1_to_8,7.378732641020916,-4.82249047122825e-10,0.006132814804417963,-5.824133769152503e-10,8.37140990586769,7.118428552173979e-08,0.27999999999490655,2.4656978967546057e-09,0.7853727297353772,crowd_02,inf
95.821,route_1_to_8,7.440332632632611,-5.085687916519158e-10,0.006132826346393879,-3.1817665883671847e-10,8.428529905866553,7.201795940846569e-08,0.27999999999490655,2.228468305944378e-09,0.7856006695028628,crowd_02,inf
96.027,route_1_to_8,7.498012629552419,-5.231495837126273e-10,0.006132840465888347,-9.994387109064709e-11,8.485649905865408,7.287777963316024e-08,0.27999999999490655,2.0743263737512603e-09,0.7880523194401443,crowd_02,inf
96.233,route_1_to_8,7.555692630700747,-5.295585203720165e-10,0.006132853711519484,9.191713833211079e-11,8.542769905864269,7.376186393614246e-08,0.27999999999446246,1.9863680592841832e-09,0.792658233015769,crowd_02,inf
96.471,route_1_to_8,7.622010871958496,-5.2781763736256e-10,0.006132866647973213,2.664300129560676e-10,8.609168758621875,7.481877079288883e-08,0.2737985762439443,1.99610937098412e-09,0.8005909498606039,crowd_02,inf
96.685,route_1_to_8,7.675572586408795,-5.324314537750475e-10,0.0061328747961045755,2.792331844647983e-10,8.660889335610214,7.566486137657373e-08,0.2346783371306671,2.222165104256184e-09,0.8090289290139765,crowd_02,inf
96.887,route_1_to_8,7.71895274242781,-5.365389356443328e-10,0.006132879647164557,2.9067631198613704e-10,8.712244333828318,7.653103857625008e-08,0.19828332760818412,2.8126604987729452e-09,0.8171718804170196,crowd_02,inf
97.088,route_1_to_8,7.756524914721495,-5.451892850599611e-10,0.006132882481654185,3.042418463140654e-10,8.744106844439903,7.708677481782243e-08,0.17571502792730342,3.3951336365956407e-09,0.8251563403896762,crowd_02,inf
97.296,route_1_to_8,7.790035555741583,-5.355177312848308e-10,0.006132883907122361,3.986888948964293e-10,8.777417538663755,7.768868872983568e-08,0.1521983997491816,3.786505159598986e-09,0.8329962502374813,crowd_02,inf
97.497,route_1_to_8,7.81797028195069,-5.206427935768813e-10,0.0061328843038112035,4.603748511789571e-10,8.80620857831444,7.823121903466855e-08,0.13242196418445928,4.193921195990462e-09,0.8400419509359747,crowd_02,inf
97.723,route_1_to_8,7.845057367826309,-5.048976021586385e-10,0.006132883977541271,5.381447775100763e-10,8.834996773876739,7.880058761331867e-08,0.11063940059186095,4.819943727295229e-09,0.8473107692864057,crowd_02,inf
97.948,route_1_to_8,7.868008791138273,-4.908488722187783e-10,0.006132883149707611,6.291071307337145e-10,8.856047511110207,7.923927608878905e-08,0.0956512730792447,5.411871667650215e-09,0.8538020753958298,crowd_02,inf
98.151,route_1_to_8,7.8858073346782325,-4.782699019792406e-10,0.006132882166123401,7.161433028413665e-10,8.874284599857559,7.963934065284612e-08,0.08283748530004686,6.0791515190958885e-09,0.8428284153431729,aisle_display_-1,inf
98.37,route_1_to_8,7.902346967956974,-4.6513241488752306e-10,0.006132880986284289,8.228800374456602e-10,8.892492767464677,8.006327176891145e-08,0.07100968321438472,6.883096243508326e-09,0.8292097361443853,aisle_display_-1,inf
98.578,stop_x8,7.902957785320223,-4.64779481900365e-10,0.0061328810779159295,8.285682466499799e-10,8.89334488366458,8.008383817015146e-08,0.0,0.0,0.8287078595562942,aisle_display_-1,inf
98.785,stop_x8,7.902957785320223,-4.64779481900365e-10,0.0061328810779159295,8.285682466499799e-10,8.89334488366458,8.008383817015146e-08,0.0,0.0,0.8287078595562942,aisle_display_-1,inf
99.011,stop_x8,7.902957785320223,-4.64779481900365e-10,0.0061328810779159295,8.285682466499799e-10,8.89334488366458,8.008383817015146e-08,0.0,0.0,0.8287078595562942,aisle_display_-1,inf
99.218,stop_x8,7.902957785320223,-4.64779481900365e-10,0.0061328810779159295,8.285682466499799e-10,8.89334488366458,8.008383817015146e-08,0.0,0.0,0.8287078595562942,aisle_display_-1,inf
99.428,stop_x8,7.902957785320223,-4.64779481900365e-10,0.0061328810779159295,8.285682466499799e-10,8.89334488366458,8.008383817015146e-08,0.0,0.0,0.8287078595562942,aisle_display_-1,inf
99.633,stop_x8,7.902957785320223,-4.64779481900365e-10,0.0061328810779159295,8.285682466499799e-10,8.89334488366458,8.008383817015146e-08,0.0,0.0,0.8287078595562942,aisle_display_-1,inf
99.861,stop_x8,7.902957785320223,-4.64779481900365e-10,0.0061328810779159295,8.285682466499799e-10,8.89334488366458,8.008383817015146e-08,0.0,0.0,0.8287078595562942,aisle_display_-1,inf
100.095,route_2_to_10,7.917492750909646,-4.93369593286766e-10,0.006132879642999743,1.3315346011749367e-09,8.902797883661133,8.031135821230871e-08,0.1324999999752663,-1.5001620017902758e-09,0.8167880657833848,aisle_display_-1,inf
100.314,route_2_to_10,7.972817740540515,-4.405015032040762e-10,0.006132873288427031,1.5768932603936964e-09,8.95928488365701,8.165173623156754e-08,0.27999999999490655,-2.4886186301662215e-09,0.7718332027982509,aisle_display_-1,inf
100.514,route_2_to_10,8.028817751844047,-3.7919852048666434e-10,0.006132864453710428,1.479074113633951e-09,9.016404883655795,8.297841469411291e-08,0.27999999999437364,-2.3327576429672325e-09,0.7270470059253613,aisle_display_-1,inf
100.743,route_2_to_10,8.092937761066384,-3.1322736815955636e-10,0.006132851694025208,1.3822340826011704e-09,9.083044883654432,8.449187015161595e-08,0.2799999999942848,-2.2109912467180216e-09,0.6767399203459963,aisle_display_-1,inf
100.96,route_2_to_10,8.153697765423795,-2.543168801500104e-10,0.006132837664865767,1.302306592330085e-09,9.140164883653235,8.576118790964667e-08,0.27999999999437364,-2.108134455533394e-09,0.630126213656341,aisle_display_-1,inf
101.162,route_2_to_10,8.210257765221895,-2.0235409030468593e-10,0.0061328237646484695,1.2337294096436557e-09,9.197284883652088,8.700590097760893e-08,0.27999999999437364,-2.0313499986044797e-09,0.5877554675423002,aisle_display_-1,inf
101.366,route_2_to_10,8.267377759361752,-1.5219388379427802e-10,0.006132815671447622,1.0865647185270061e-09,9.254404883650952,8.822697495603304e-08,0.27999999999543945,-1.8995557814876866e-09,0.5460649071165982,aisle_display_-1,inf
101.593,route_2_to_10,8.330937751585298,-1.0521860634649726e-10,0.006132828927297,7.597321310306267e-10,9.321044883649584,8.962481646667788e-08,0.2799999999952618,-1.3540423262912229e-09,0.5011071862275522,aisle_display_-1,inf
101.799,route_2_to_10,8.388617749314347,-7.459570216245313e-11,0.006132843012518502,5.024947685134717e-10,9.378164883648488,9.080592528904415e-08,0.27999999999535063,-9.113856622793865e-10,0.46175127670386273,aisle_display_-1,inf
102.001,route_2_to_10,8.445177751118287,-5.392215894843471e-11,0.006132855735671107,2.835639057146998e-10,9.435284883647387,9.197676427389985e-08,0.27999999999437364,-5.105593367437494e-10,0.42463042158365094,aisle_display_-1,inf
102.211,route_2_to_10,8.50397775668467,-4.084703090705576e-11,0.006132866982989063,8.657652095260109e-11,9.4924048836462,9.314180056313983e-08,0.27999999999499536,-1.6703484473715257e-10,0.3877376512694741,aisle_display_-1,inf
102.433,route_2_to_10,8.56613776587076,-3.499299221603011e-11,0.006132876106924063,-9.196568850395206e-11,9.549524883645072,9.430503780275463e-08,0.2799999999946401,1.315077079491476e-10,0.35080939848473447,aisle_display_-1,inf
102.639,route_2_to_10,8.623817776565042,-3.579714324649753e-11,0.006132881647330764,-2.342303861137532e-10,9.616164883643748,9.566442470736359e-08,0.27999999999543945,4.4294317317948177e-10,0.3186374289430516,aisle_display_-1,inf
102.839,route_2_to_10,8.679817788074308,-4.149377593175458e-11,0.00613288410498416,-3.53644001889663e-10,9.663764883642791,9.663947855054568e-08,0.27999999999499536,6.455051547046394e-10,0.2895140852962097,aisle_display_-1,inf
103.078,route_2_to_10,8.74673780345,-6.105293897317382e-11,0.006132883180073442,-4.3351342613138263e-10,9.730404883641508,9.801353207977261e-08,0.27999999999543945,8.423369528768931e-10,0.25769371274779496,aisle_display_-1,inf
103.3,route_2_to_10,8.808897819958387,-8.381825438545468e-11,0.006132878634463571,-4.806847004288863e-10,9.797044883640115,9.940082761439592e-08,0.27999999999446246,9.658224041319748e-10,0.2313057194791175,aisle_display_-1,inf
103.501,route_2_to_10,8.865177833205086,-1.0641108746926826e-10,0.006132871615430343,-5.233350325843996e-10,9.854164883638969,1.0060211055278739e-07,0.2799999999950842,1.0847237087047337e-09,0.2102634446784385,aisle_display_-1,inf
103.723,route_2_to_10,8.92733784488596,-1.3306250237000467e-10,0.006132861012314937,-5.629521783725186e-10,9.9112848836378,1.0181614038976896e-07,0.27999999999543945,1.2039115224451376e-09,0.19039600732453132,aisle_display_-1,inf
103.949,route_2_to_10,8.990617852709695,-1.617335134076608e-10,0.006132847704550943,-5.958735991044804e-10,9.977924883636428,1.0325042956124493e-07,0.27999999999535063,1.3348462120589949e-09,0.17403510935070987,aisle_display_-1,inf
104.158,route_2_to_10,9.049137855667977,-1.893327244875161e-10,0.006132833820866245,-6.192068761297712e-10,10.035044883635267,1.0449666238958197e-07,0.27999999999437364,1.4411411132553642e-09,0.16255651126473092,aisle_display_-1,inf
104.368,route_2_to_10,9.107937854140705,-2.1763596453821606e-10,0.006132819430355477,-6.313743093463145e-10,10.101684883633911,1.0597202832713185e-07,0.27999999999543945,1.5660591103486722e-09,0.15469632380621112,aisle_display_-1,inf
104.6,route_2_to_10,9.172897845376593,-2.4891463398026455e-10,0.006132820175579121,-4.4658471181419135e-10,10.15880488363276,1.0725620031546797e-07,0.27999999999446246,1.4540340257993988e-09,0.15040797771742587,aisle_display_-1,inf
104.808,route_2_to_10,9.231137840151977,-2.683555131709456e-10,0.006132833988353786,-2.2214046490028911e-10,10.215924883631617,1.0855681166865591e-07,0.27999999999543945,1.0847237087047333e-09,0.14999999973164446,aisle_display_-1,inf
105.039,route_2_to_10,9.295817839602579,-2.798931094772017e-10,0.006132849406669348,-6.445862575897992e-12,10.282564883630306,1.1009011710049833e-07,0.27999999999437364,7.666985326185597e-10,0.1499999997201069,aisle_display_-1,inf
105.263,route_2_to_10,9.358537843772758,-2.825523160783955e-10,0.00613286246793181,1.7261849428486535e-10,10.349204883628904,1.1163576441245786e-07,0.27999999999437364,5.294689418083326e-10,0.1499999997174477,aisle_display_-1,inf
105.487,route_2_to_10,9.421257851782771,-2.7812070682953787e-10,0.006132872877432838,3.260691746449847e-10,10.406324883627745,1.1296723088229986e-07,0.27999999999543945,3.08283864386237e-10,0.14999999972187927,aisle_display_-1,inf
105.696,route_2_to_10,9.479777861862503,-2.685628044020547e-10,0.006132879731603278,4.4926639527336785e-10,10.463444883626638,1.1430241777516639e-07,0.27999999999499536,1.6187767971953893e-10,0.14999999973143718,aisle_display_-1,inf
105.901,route_2_to_10,9.537177873300662,-2.5485149918997735e-10,0.0061328834806108025,5.54062318431834e-10,10.530084883625277,1.1586234926870624e-07,0.27999999999543945,1.1460366705808069e-12,0.14999999974514855,aisle_display_-1,inf
106.113,route_2_to_10,9.596537885991415,-2.334240371535198e-10,0.0061328841050653235,6.348572568281184e-10,10.587204883624194,1.171995856620427e-07,0.27999999999535063,-9.655358949643295e-11,0.14999999976657596,aisle_display_-1,inf
106.327,route_2_to_10,9.653539237513442,-2.2623803969835405e-10,0.0061328816760031196,4.825632992009661e-10,10.641701192606956,1.1847498696980521e-07,0.2509714758183179,1.8279284895763864e-10,0.149999999773762,aisle_display_-1,inf
106.536,route_2_to_10,9.701730448898996,-2.2965011902300519e-10,0.006132877288435302,3.734744362425613e-10,10.68911602397612,1.1958713381088357e-07,0.21403731920495161,7.091101899218741e-10,0.14999999977034995,aisle_display_-1,inf
106.737,route_2_to_10,9.741540842797884,-2.2593010567734637e-10,0.006132872127430657,3.4657233967738985e-10,10.7299102068489,1.2054923061521815e-07,0.18489751913968178,9.33446868188067e-10,0.14999999977406997,aisle_display_-1,inf
106.946,route_2_to_10,9.777243389058878,-2.1409207348425974e-10,0.006132866399371146,4.061837830855317e-10,10.765071397247889,1.213847261692764e-07,0.15984580249241986,9.96478885070011e-10,0.14999999978590794,aisle_display_-1,inf
107.15,route_2_to_10,9.807391878320049,-2.024947536479511e-10,0.006132860836228735,4.6564820202549316e-10,10.795580225173413,1.221158174157011e-07,0.13959587374339222,1.0300004576845e-09,0.14999999979750522,aisle_display_-1,inf
107.373,route_2_to_10,9.835654801130888,-1.8938571633679787e-10,0.00613285507250457,5.477218178521715e-10,10.825918483108827,1.2284977221073617e-07,0.11838307380767077,1.0847237087047333e-09,0.1499999998106143,aisle_display_-1,inf
107.583,route_2_to_10,9.858490197907823,-1.7702997652447776e-10,0.006132850071280632,6.271662182733207e-10,10.84816141194746,1.2339323172105537e-07,0.10154988425838951,1.119677827157448e-09,0.14999999982297008,aisle_display_-1,inf
107.793,route_2_to_10,9.87816029218316,-1.646964190187604e-10,0.006132845543298287,7.103528381672884e-10,10.867398187085778,1.238676464568059e-07,0.08859018057512102,1.1423120514014189e-09,0.14999999983530365,aisle_display_-1,inf
107.999,route_2_to_10,9.894781186781223,-1.525352035505231e-10,0.006132841573113576,8.02222118828528e-10,10.884028888100712,1.242816704812412e-07,0.0756241831537885,1.164659766477745e-09,0.14999999984746482,aisle_display_-1,inf
108.201,route_3_to_12,9.913434786995369,-1.339362882449568e-10,0.006132837081058346,1.0070677844097196e-09,10.901789705101171,1.2472737422342395e-07,0.1444352625759926,-1.5818171145691587e-09,0.14999999986606372,aisle_display_-1,inf
108.409,route_3_to_12,9.964764136017438,-8.188476654662542e-11,0.006132824735240654,1.214504215607636e-09,10.950386224498194,1.259346958503625e-07,0.2799999999950842,-2.132201225615591e-09,0.1499999999181153,aisle_display_-1,inf
108.613,route_3_to_12,10.021884130775913,-3.262372698559826e-11,0.006132815131040053,1.088318725016574e-09,11.007506224497071,1.2733079348084256e-07,0.27999999999437364,-2.0250467969162855e-09,0.14999999996737634,aisle_display_-1,inf
108.832,route_3_to_12,10.083204122756543,1.3129604253792177e-11,0.006132827214270813,7.708156729068938e-10,11.074146224495694,1.289308827231635e-07,0.27999999999535063,-1.495291345940308e-09,0.1499999999868704,aisle_display_1,inf
109.048,route_3_to_12,10.143684119925494,4.5454405454296e-11,0.006132842003445426,4.991206156234271e-10,11.131266224494548,1.3028362947474284e-07,0.27999999999535063,-1.0076527426081744e-09,0.1499999999545456,aisle_display_1,inf
109.29,route_3_to_12,10.211444122184721,6.911575218094056e-11,0.006132857185662853,2.3920450180903945e-10,11.197906224493277,1.3184719189902415e-07,0.27999999999446246,-5.744508811286293e-10,0.1499999999308843,aisle_display_1,inf
109.496,route_3_to_12,10.269124128009409,8.039857302724987e-11,0.006132867970454326,5.0234476381526695e-11,11.255026224492134,1.3317991693860236e-07,0.27999999999535063,-2.759083284423292e-10,0.14999999991960145,aisle_display_1,inf
109.727,route_3_to_12,10.333804137905819,8.487343705494085e-11,0.0061328770928678715,-1.31255451420711e-10,11.321666224490837,1.3473143108773106e-07,0.27999999999437364,9.340198865233574e-11,0.14999999991512658,aisle_display_1,inf
109.933,route_3_to_12,10.391484148826974,8.265829224406984e-11,0.006132882201307391,-2.696632535647387e-10,11.378786224489653,1.360623168284159e-07,0.27999999999535063,3.4008638199485437e-10,0.1499999999173417,aisle_display_1,inf
110.168,route_3_to_12,10.45728416249768,7.390214007135877e-11,0.006132884264733187,-4.0415220133478095e-10,11.445426224488306,1.3762030255207415e-07,0.2799999999942848,6.06539907904892e-10,0.14999999992609792,aisle_display_1,inf
110.384,route_3_to_12,10.51776417718044,5.2633110064819355e-11,0.006132882591137487,-4.5268224469503475e-10,11.512066224486981,1.3918776174021086e-07,0.27999999999543945,7.443508175422341e-10,0.1499999999473669,aisle_display_1,inf
110.604,route_3_to_12,10.579364193342252,2.879043582652683e-11,0.006132877453082775,-5.053235527576632e-10,11.569186224485911,1.4054072234670415e-07,0.27999999999535063,8.535108104150557e-10,0.1499999999712096,aisle_display_1,inf
110.826,route_3_to_12,10.641524207345405,2.644226804386372e-12,0.00613286898601762,-5.513914905070631e-10,11.626306224484743,1.4190367566786535e-07,0.27999999999437364,9.6610891329962e-10,0.1499999999973558,aisle_display_1,inf
111.039,route_3_to_12,10.701164217665362,-2.410182910597833e-11,0.006132858156485718,-5.886265018571927e-10,11.683426224483675,1.4327787597470862e-07,0.27999999999535063,1.0655275944725051e-09,0.1499999999758982,aisle_display_-1,inf
111.278,route_3_to_12,10.768084224681111,-5.572932697665761e-11,0.006132843518942681,-6.226482986605309e-10,11.759586224482126,1.451296570733133e-07,0.27999999999543945,1.1809907890335214e-09,0.1499999999442707,aisle_display_-1,inf
111.496,route_3_to_12,10.829124226243957,-8.571653862440222e-11,0.0061328287173962074,-6.454362025994734e-10,11.816706224480946,1.4653454335153653e-07,0.27999999999446246,1.2804094702064064e-09,0.15047111025286064,aisle_display_-1,inf
111.709,route_3_to_12,10.888764223007785,-1.1529354129397912e-10,0.006132814922983754,-6.475069754090114e-10,11.873826224479744,1.479543204957049e-07,0.27999999999437364,1.3443010145912866e-09,0.15436667733759812,aisle_display_-1,inf
111.937,route_3_to_12,10.952604213600784,-1.45079708892846e-10,0.006132824762260836,-3.8673326152926635e-10,11.94046622447839,1.496299054188425e-07,0.27999999999535063,1.0076527426081744e-09,0.1628461238059622,aisle_display_-1,inf
112.17,route_3_to_12,11.017844209863467,-1.6357255819946406e-10,0.006132840685982756,-1.4962431695532398e-10,12.007106224477036,1.5132145719310448e-07,0.27999999999446246,6.323257329929599e-10,0.17598925451465552,aisle_display_-1,inf
112.388,route_3_to_12,11.078884211266791,-1.7178651841271998e-10,0.006132854627401455,4.05033293834043e-11,12.06422622447582,1.527794013614503e-07,0.27999999999437364,3.3693478115075716e-10,0.19221887212297128,aisle_display_-1,inf
112.593,route_3_to_12,11.13628421636098,-1.7272540254781463e-10,0.006132865832165055,1.946763424278566e-10,12.121346224474634,1.5424113479942628e-07,0.27999999999437364,5.4436741852588325e-11,0.21077420545235948,aisle_display_-1,inf
112.796,route_3_to_12,11.193124224357291,-1.6812458588386612e-10,0.006132874595104963,3.2676867443962e-10,12.178466224473526,1.5570365310170728e-07,0.27999999999535063,-1.6703484473715254e-10,0.23211336182433484,aisle_display_-1,inf
113.028,route_3_to_12,11.258084236115975,-1.5714119064547314e-10,0.006132881309654201,4.5592238724412383e-10,12.245106224472185,1.574073393041416e-07,0.27999999999446246,-4.0770254555912194e-10,0.25987185676951197,aisle_display_-1,inf
113.261,route_3_to_12,11.323324249509179,-1.4092356350541765e-10,0.006132884174629116,5.657124034729542e-10,12.311746224470857,1.5910461353259933e-07,0.2799999999952618,-6.033883070607947e-10,0.2910899432184917,aisle_display_-1,inf
113.473,route_3_to_12,11.382684263146722,-1.1528195608793109e-10,0.006132883310177635,6.118083560814867e-10,12.368866224469665,1.605517894318025e-07,0.27999999999437364,-7.386206341893298e-10,0.3221571481416936,aisle_display_-1,inf
113.696,route_3_to_12,11.445124279743915,-8.522114264862869e-11,0.006132878905395176,6.381783381526103e-10,12.435506224468282,1.6222914098462182e-07,0.27999999999437364,-8.566624112591531e-10,0.35733253188087377,aisle_display_-1,inf
113.912,route_3_to_12,11.50560429399936,-5.4606795319269386e-11,0.0061328713955217905,6.675808055004364e-10,12.492626224467106,1.636560971195546e-07,0.27999999999535063,-9.818669175201063e-10,0.3936246847685836,aisle_display_-1,inf
114.14,route_3_to_12,11.569444305857681,-2.116902104505164e-11,0.006132860401699894,6.925004275826478e-10,12.559266224465704,1.6530632710515925e-07,0.27999999999535063,-1.1297056480250303e-09,0.43407961716208243,aisle_display_-1,inf
114.372,route_3_to_12,11.633516082718664,6.719711358947541e-12,0.006132846809693988,6.53933183179668e-10,12.62495089187592,1.6691522239098582e-07,0.26324212654689205,-1.3030436944503773e-09,0.47668213492272327,aisle_display_1,inf
114.591,route_3_to_12,11.686520621476916,3.1954120075898516e-11,0.006132834143808773,6.363639237983331e-10,12.674442089148025,1.681139214803923e-07,0.22822375120679084,-1.3093468961385719e-09,0.5132968029114531,aisle_display_1,inf
114.792,route_3_to_12,11.728451933262527,5.2027621903598017e-11,0.00613282365644398,6.333904965254494e-10,12.717274569649968,1.6913988125424542e-07,0.1947678022109045,-1.460050718319948e-09,0.5430672806491053,aisle_display_1,inf
114.997,route_3_to_12,11.765287350293871,6.878280660332951e-11,0.006132815022789037,6.1108290750019e-10,12.754158594702659,1.7001241824124876e-07,0.16772621796752318,-1.6110410496689693e-09,0.5697650050344387,aisle_display_1,inf
115.198,route_3_to_12,11.796658763547573,8.417830217443076e-11,0.006132815774325037,4.87325120679909e-10,12.786169388176235,1.707592443981159e-07,0.1476221154101509,-1.6216418888718412e-09,0.5928807433293,aisle_display_1,inf
115.421,route_3_to_12,11.82646873892974,9.720598559620116e-11,0.006132822622418453,3.267905341374848e-10,12.813753621482642,1.7139367486264235e-07,0.1268710369266124,-1.5984346462925803e-09,0.6151512999755888,aisle_display_1,inf
115.633,route_3_to_12,11.850779411651688,1.061308474662408e-10,0.006132828868609786,1.7351233925419717e-10,12.841267058105895,1.720167945826603e-07,0.10684977802402074,-1.5947100271131927e-09,0.6335235349498145,aisle_display_1,inf
115.86,route_3_to_12,11.873101281419236,1.1281633316143791e-10,0.006132834564941352,1.3151911607343833e-11,12.86148719729965,1.724675876180386e-07,0.09223685384078806,-1.6199228338659702e-09,0.6505521625346684,aisle_display_1,inf
116.077,route_3_to_12,11.891277867053711,1.1733470606713614e-10,0.006132839092833743,-1.4246032836957859e-10,12.88158076321864,1.72908399285926e-07,0.07791231883507166,-1.6752191032214944e-09,0.6645272648167986,aisle_display_1,inf
116.294,stop_x12,11.90152610181133,1.19287448226124e-10,0.006132841629054453,-2.396433698769073e-10,12.891585774028643,1.7312473945095731e-07,0.0,0.0,0.672448506188166,aisle_display_1,inf
116.523,stop_x12,11.90152610181133,1.19287448226124e-10,0.006132841629054453,-2.396433698769073e-10,12.891585774028643,1.7312473945095731e-07,0.0,0.0,0.672448506188166,aisle_display_1,inf
116.725,stop_x12,11.90152610181133,1.19287448226124e-10,0.006132841629054453,-2.396433698769073e-10,12.891585774028643,1.7312473945095731e-07,0.0,0.0,0.672448506188166,aisle_display_1,inf
116.956,stop_x12,11.90152610181133,1.19287448226124e-10,0.006132841629054453,-2.396433698769073e-10,12.891585774028643,1.7312473945095731e-07,0.0,0.0,0.672448506188166,aisle_display_1,inf
117.171,stop_x12,11.90152610181133,1.19287448226124e-10,0.006132841629054453,-2.396433698769073e-10,12.891585774028643,1.7312473945095731e-07,0.0,0.0,0.672448506188166,aisle_display_1,inf
117.395,stop_x12,11.90152610181133,1.19287448226124e-10,0.006132841629054453,-2.396433698769073e-10,12.891585774028643,1.7312473945095731e-07,0.0,0.0,0.672448506188166,aisle_display_1,inf
117.598,stop_x12,11.90152610181133,1.19287448226124e-10,0.006132841629054453,-2.396433698769073e-10,12.891585774028643,1.7312473945095731e-07,0.0,0.0,0.672448506188166,aisle_display_1,inf
117.805,route_4_to_14,11.902267093840091,1.3428514818220468e-10,0.006132841671994841,-3.0734318034572246e-10,12.892531774027564,1.731450928099498e-07,0.03849999997544984,2.630154158982952e-10,0.6730223982499244,aisle_display_1,inf
118.017,route_4_to_14,11.932901048558668,1.4526564479893273e-10,0.006132848721659452,-1.0856741715337937e-09,12.922213774022422,1.7378688126494482e-07,0.24249999997518756,1.7070216208301117e-09,0.6968810543938464,aisle_display_1,inf
118.248,route_4_to_14,11.99714604696699,1.023983676948918e-10,0.006132862318530901,-1.1839305164412487e-09,12.978805774020671,1.75027274209501e-07,0.2799999999950842,2.0290579252633187e-09,0.7477178164074731,aisle_display_1,inf
118.465,route_4_to_14,12.057906054650884,5.864307525008158e-11,0.00613287250072247,-1.1832973047421636e-09,13.04544577401927,1.7651758766577086e-07,0.27999999999437364,2.069742227068937e-09,0.7671400706276057,crowd_04,inf
118.698,route_4_to_14,12.123146065912,1.1825598892038169e-11,0.006132880099644029,-1.181327064478792e-09,13.112085774017858,1.7804073416298498e-07,0.2799999999942848,2.1084209647010392e-09,0.7560514123569106,crowd_04,inf
118.901,route_4_to_14,12.179986077312146,-2.8759624192304395e-11,0.006132883611304625,-1.1788309130621412e-09,13.169205774016692,1.793729060980466e-07,0.27999999999535063,2.1433750831537536e-09,0.7463904780568054,crowd_04,inf
119.114,route_4_to_14,12.23962609016077,-7.465356737540291e-11,0.006132884032640546,-1.1606284884800067e-09,13.226325774015548,1.807300718463498e-07,0.27999999999437364,2.1717394907506286e-09,0.7362655467789121,crowd_04,inf
119.332,route_4_to_14,12.300666106064318,-1.2460983574770475e-10,0.006132881048449404,-1.0980997029893694e-09,13.292965774014261,1.8234523382599538e-07,0.27999999999543945,2.1115725655451366e-09,0.7273584015519745,crowd_04,inf
119.554,route_4_to_14,12.362826121626965,-1.7346498429549967e-10,0.006132874575293213,-1.0523231695312483e-09,13.35008577401311,1.8375638489505626e-07,0.2799999999942848,2.088938341301165e-09,0.7208379167595835,crowd_04,inf
119.769,route_4_to_14,12.423026134114378,-2.190381156339954e-10,0.006132865293901836,-1.0136641606927467e-09,13.407205774011913,1.85191862866701e-07,0.27999999999437364,2.076045428757131e-09,0.7170080899106437,crowd_04,inf
119.992,route_4_to_14,12.485466143444432,-2.6474145575794175e-10,0.006132853019269496,-9.7831119234936e-10,13.473845774010652,1.8689715439770962e-07,0.27999999999437364,2.076045428757131e-09,0.7156398878438248,crowd_04,inf
120.199,route_4_to_14,12.54342614813107,-3.058852082717579e-10,0.006132839795280645,-9.483345089325894e-10,13.530965774009488,1.8838503018940097e-07,0.2799999999942848,2.0826351396129705e-09,0.7167495016506658,crowd_04,inf
120.399,route_4_to_14,12.599426148602433,-3.4446885392990644e-10,0.006132826075275646,-9.192076588317608e-10,13.588085774008352,1.8989718306265656e-07,0.2799999999942848,2.09524154298936e-09,0.7199930775025547,crowd_04,inf
120.611,route_4_to_14,12.658786143659539,-3.8418496425142735e-10,0.006132814922701057,-8.360973977378972e-10,13.645205774007211,1.9143373373398738e-07,0.2799999999952618,2.0857867404570682e-09,0.7257454034799788,crowd_04,inf
120.811,route_4_to_14,12.714786135933217,-4.1756157755379424e-10,0.0061328253706296266,-5.71464545117848e-10,13.702325774006045,1.9299390198116903e-07,0.2799999999952618,1.6789437224008818e-09,0.7333308326375008,crowd_04,inf
121.014,route_4_to_14,12.771626132556337,-4.4108748397091053e-10,0.006132839275063315,-3.3494973422186636e-10,13.759445774004847,1.9457370420262372e-07,0.27999999999535063,1.3056222769591843e-09,0.7431398918080463,crowd_04,inf
121.233,route_4_to_14,12.832946133544725,-4.5666757105294976e-10,0.006132853435184615,-1.1378706750170612e-10,13.816565774003658,1.9616877429557568e-07,0.2799999999942848,9.658224041319748e-10,0.7535703764998098,motorcycle_delivery,inf
121.436,route_4_to_14,12.889786138249189,-4.63335951412091e-10,0.0061328647440923945,6.327594173111923e-11,13.873685774002494,1.9777530982868094e-07,0.27999999999437364,6.836108740014512e-10,0.7433943346974872,motorcycle_delivery,inf
121.679,route_4_to_14,12.957826147776048,-4.6298856538370266e-10,0.0061328752531246596,2.4469030383268187e-10,13.940325774001156,1.9965964780645704e-07,0.2799999999945513,4.108541464032192e-10,0.7312131608163464,motorcycle_delivery,inf
121.897,route_4_to_14,13.018866158929777,-4.5613685830713694e-10,0.006132881395850609,3.8313742642541246e-10,14.00696577399982,2.015506200088152e-07,0.27999999999490655,1.908151056517043e-10,0.720424906575007,motorcycle_delivery,inf
122.106,route_4_to_14,13.077386170924635,-4.446488178940771e-10,0.0061328840872800555,4.974402931592026e-10,14.06408577399871,2.0317387795124293e-07,0.27999999999437364,-3.4381100117424203e-12,0.7118824213872375,motorcycle_delivery,inf
122.327,route_4_to_14,13.139266184951056,-4.210665219682311e-10,0.006132883433388663,5.6516086652823e-10,14.12120577399752,2.0479720922792415e-07,0.27999999999437364,-1.1861479540511351e-10,0.7053567073705678,motorcycle_delivery,inf
122.541,route_4_to_14,13.199186200902174,-3.9366969468500583e-10,0.006132879439027692,6.038879308385172e-10,14.18784577399619,2.066893692794136e-07,0.27999999999437364,-1.8279284895763867e-10,0.7015258593984632,motorcycle_delivery,inf
122.751,route_4_to_14,13.25798621501108,-3.6463590095078025e-10,0.006132872451302214,6.481752324529826e-10,14.244965773995046,2.0830886679784006e-07,0.27999999999535063,-2.6960512675413483e-10,0.7001656392692805,motorcycle_delivery,inf
122.985,route_4_to_14,13.323506227560832,-3.3038068283390153e-10,0.006132861469174029,6.902472446536127e-10,14.311605773993765,2.1019425804176634e-07,0.27999999999446246,-3.435244920065969e-10,0.6922105705570041,motorcycle_delivery,inf
123.199,route_4_to_14,13.383426235244439,-2.975304605041922e-10,0.006132848999438984,7.225293582909194e-10,14.368725773992528,2.1180592070100546e-07,0.27999999999437364,-4.2059545810315607e-10,0.6766023251454463,motorcycle_delivery,inf
123.411,route_4_to_14,13.442786238643695,-2.638013186288068e-10,0.0061328350231441425,7.48317269539313e-10,14.435365773991132,2.1367997007961743e-07,0.27999999999543945,-4.876386033321333e-10,0.6455159378086808,motorcycle_delivery,inf
123.619,route_4_to_14,13.501026237530386,-2.2995328666852359e-10,0.006132820722943991,7.641259226847843e-10,14.482965773990157,2.1501388381387147e-07,0.27999999999543945,-5.329070518200751e-10,0.6168356063116582,motorcycle_delivery,inf
123.838,route_4_to_14,13.562346229677049,-1.9440333785246057e-10,0.00613281835534971,6.160471944247371e-10,14.549605773988809,2.1687414618304476e-07,0.27999999999437364,-3.690238079270197e-10,0.5887143278066316,motorcycle_delivery,inf
124.05,route_4_to_14,13.621415783038435,-1.6917391301056503e-10,0.0061328319541520135,4.057879249090561e-10,14.60658497872286,2.1845993174416453e-07,0.2727781042302091,2.836440759687497e-11,0.5637641128140525,motorcycle_delivery,inf
124.252,route_4_to_14,13.672163764480958,-1.3939540325907911e-10,0.006132844292324298,3.621655794951473e-10,14.65844547931768,2.1990267861983127e-07,0.23594360866772135,5.472325102023353e-11,0.5440991136397535,motorcycle_delivery,inf
124.478,route_4_to_14,13.72103343277655,-9.641862468855186e-11,0.0061328552593264045,4.2432949490592733e-10,14.710290905084017,2.213450539412158e-07,0.20044054612986528,-3.695968262623102e-11,0.5267831875737092,motorcycle_delivery,inf
124.694,route_4_to_14,13.760850618208869,-7.839803166079092e-11,0.006132863187147513,3.163195898687663e-10,14.748186767400858,2.2239866882197776e-07,0.1736697941373322,-2.3493751746906532e-11,0.5138969919051806,motorcycle_delivery,inf
124.896,route_4_to_14,13.792841882759959,-6.747972648477046e-11,0.006132868775691986,2.265386206727737e-10,14.780829702556554,2.2330617808960384e-07,0.14791982759678746,2.1774696741035325e-10,0.504363589612961,motorcycle_delivery,inf
125.098,route_4_to_14,13.820635257108966,-6.073984371706259e-11,0.006132872997229574,1.1113215403021062e-10,14.809150571651246,2.2409451830211595e-07,0.12845017982670015,3.7876511962695664e-10,0.49668853931350276,motorcycle_delivery,inf
125.301,route_4_to_14,13.844794187872715,-5.6034171796256514e-11,0.006132876159982909,-2.0244586908847679e-13,14.833613889813337,2.2477731384503882e-07,0.11245579755021495,5.870572845050182e-10,0.4904845346965756,motorcycle_delivery,inf
125.511,route_4_to_14,13.866367170869854,-5.310597192359436e-11,0.006132878570878806,-1.0275791730441798e-10,14.85480756025233,2.2537143430711294e-07,0.09691766081543207,8.346012053504727e-10,0.4853176431631101,motorcycle_delivery,inf
125.719,route_4_to_14,13.884757390710748,-5.09798927555417e-11,0.0061328802981016435,-2.12965589734568e-10,14.873086982406555,2.258870325640109e-07,0.08408232212344657,1.1004817129252199e-09,0.48119442153476677,motorcycle_delivery,inf
125.94,route_4_to_14,13.901561204795945,-4.9615518942412814e-11,0.006132881610237873,-3.281520846202472e-10,14.89133776535167,2.2640635980391212e-07,0.07003972503971667,1.4632023191640453e-09,0.4776556601959625,motorcycle_delivery,inf
126.162,route_5_to_16,13.931980941716397,-0.008416813261358968,0.006132883136916765,-0.05281582514079781,14.918656360684842,-0.0007417083081485552,0.2265397250211798,-0.2717129504512241,0.463533221211746,motorcycle_delivery,inf
126.393,route_5_to_16,13.993796590248968,-0.02011412411798065,0.006132883628506439,-0.10060069791677703,14.983575700618317,-0.005801259500727733,0.2787892244248802,-0.16852576877600345,0.4409545616777861,motorcycle_delivery,inf
126.626,route_5_to_16,14.056970259383379,-0.032008128051018825,0.006132880384274355,-0.1316358609117079,15.049554088400116,-0.013649285224185915,0.27949940069129653,-0.10765106562873616,0.41884332352060616,motorcycle_delivery,5.4714130741241185
126.839,route_5_to_16,14.115029707476547,-0.04292600034012337,0.00613287440779763,-0.15005631556940044,15.10602057715498,-0.021780826930191885,0.2797745865933621,-0.07223164282269438,0.4012493479902779,motorcycle_delivery,4.340054685916026
127.077,route_5_to_16,14.180116687952097,-0.05518561884303906,0.006132865081553897,-0.16350252624841624,15.17178439231481,-0.03232433728094774,0.27990720185702145,-0.04634363682200619,0.3848424236763519,motorcycle_delivery,4.288690341981642
127.293,route_5_to_16,14.23931194084023,-0.06635517768243065,0.0061328540837689485,-0.17144222740549253,15.237446835446502,-0.04360929290645837,0.27995932763023035,-0.030680571612724666,0.3730888343063756,motorcycle_delivery,4.02530222955828
127.506,route_5_to_16,14.297757319467893,-0.07740585362951523,0.006132841302931294,-0.17671590523412276,15.293668838795222,-0.05366647225490849,0.27998222498215597,-0.020282231087749795,0.3645384637738587,motorcycle_delivery,3.967862974017788
127.722,route_5_to_16,14.357098793490511,-0.08864618002834965,0.006132828621866822,-0.1803538081037904,15.349851070084188,-0.06396009853896333,0.279991545269187,-0.013976166246113425,0.35903792437194393,motorcycle_delivery,3.893927843507087
127.944,route_5_to_16,14.418167085785093,-0.10024512324038429,0.006132826367041396,-0.18294852456635707,15.415362342755015,-0.07616655187854107,0.2799969633835886,-0.008383076749763154,0.35676407135283017,motorcycle_delivery,3.831066177292721
128.174,route_5_to_16,14.481464893339362,-0.11224276816393297,0.0061328349125978595,-0.1845342679153711,15.48084968476837,-0.08850497733938219,0.279998809638915,-0.005248642810409553,0.35811270913038173,motorcycle_delivery,3.7619358866650687
128.39,route_5_to_16,14.540915421930606,-0.12350425015032446,0.0061328483718184595,-0.18545986169016834,15.536969309855143,-0.09914749224988643,0.279999501390904,-0.0033969257789441413,0.36278645877874083,motorcycle_delivery,2.9340290045046555
128.596,route_5_to_16,14.59760479693892,-0.13424312074173234,0.00613285996985406,-0.1860455517994756,15.593081369416863,-0.10983031219128563,0.27999976047210495,-0.0023544030435645835,0.3702726405349228,motorcycle_delivery,3.6612664354977147
128.801,route_5_to_16,14.654013233785644,-0.14493033562647165,0.006132869348086384,-0.1864428008458415,15.649188226253195,-0.12054063519848365,0.2799998865798514,-0.0016200970595177972,0.3805973509578884,motorcycle_delivery,3.598544311756892
129.013,route_5_to_16,14.712343741850855,-0.15598243358238817,0.006132876308628869,-0.1867198153738789,15.705291538965817,-0.13126960787445743,0.2799999464583536,-0.0011130925222395886,0.3942086105357916,motorcycle_delivery,2.728873898420539
129.217,route_5_to_16,14.768470442993433,-0.1666177736945641,0.006132880920123111,-0.18690122717085586,15.76139241770848,-0.1420113460073935,0.27999997360437234,-0.0007814928079574018,0.4100256807696261,motorcycle_delivery,2.696152395030481
129.441,route_5_to_16,14.830097736639646,-0.17829581265347375,0.006132882748796835,-0.18703423752440332,15.826841372327893,-0.15455420936072753,0.2799999901959005,-0.00047618620702486,0.4303365073164973,motorcycle_delivery,2.594583120027034
129.646,route_5_to_16,14.886496468977215,-0.18898330897181168,0.006132881215053263,-0.1871152451458974,15.88293929496737,-0.1653114075199778,0.27999999533392383,-0.0003283768560295137,0.4514953591852138,motorcycle_delivery,2.5160134321300878
129.877,route_5_to_16,14.950047268000295,-0.2010263177169522,0.006132876107428224,-0.18717590472145418,15.94838597261863,-0.17786616303687536,0.2799999980407364,-0.00021263452532777242,0.47811851949280904,motorcycle_delivery,2.4992468266943972
130.086,route_5_to_16,15.00754503245147,-0.21192234035591742,0.006132869041572705,-0.1872118787354399,16.004482612685155,-0.18863005371664684,0.2799999991011326,-0.0001437359252409373,0.4825203618412681,crowd_05,2.450217669116772
130.294,route_5_to_16,15.06476732241502,-0.22276625477126574,0.0061328595538904344,-0.1872361699824244,16.060578938357875,-0.1993955835017806,0.2799999995545477,-0.00010079696332079568,0.46491966925835637,crowd_05,2.382405168759864
130.535,route_5_to_16,15.131067844400473,-0.23533059387145963,0.006132845942323331,-0.1872546191759318,16.126024385550146,-0.21195675514337214,0.27999999981727086,-6.384305385429271e-05,0.44774902361597935,crowd_05,2.344582150709227
130.759,route_5_to_16,15.192691360023307,-0.24700864606422374,0.006132831736260057,-0.18726561822727322,16.182120330006118,-0.22272427169652106,0.2799999999185232,-4.171203712182374e-05,0.435016526432241,crowd_05,2.257392788401828
130.986,route_5_to_16,15.255139907717624,-0.2588430054033709,0.006132825349800956,-0.18727255436327672,16.247565482143596,-0.23528698079190388,0.2799999999592018,-2.8288288987251658e-05,0.425391809340639,crowd_05,2.1787236286162774
131.201,route_5_to_16,15.314287184222364,-0.2700518064090508,0.006132827001171013,-0.18727710103927622,16.303661257716502,-0.24605537724391657,0.2799999999753666,-2.075262169994623e-05,0.41939251086410123,crowd_05,2.117089272702735
131.401,route_5_to_16,15.369307825337888,-0.2804786471428458,0.0061328375557549416,-0.18728027662669872,16.359756988990686,-0.25682400447214093,0.2799999999853142,-1.423964029127532e-05,0.4165762977458096,crowd_05,2.0643901638037296
131.608,route_5_to_16,15.426254211874562,-0.29127044203375657,0.0061328503568691154,-0.18728253239000184,16.42520197077002,-0.26938760107257337,0.279999999990288,-8.796548292645139e-06,0.41621637013740553,crowd_05,1.9901959941749343
131.824,route_5_to_16,15.485676553482964,-0.30253145698539285,0.006132862066132091,-0.1872841243889193,16.481297647740895,-0.280156511183997,0.27999999999241965,-6.109375371190781e-06,0.4174184983068854,crowd_05,1.9170195586007104
132.052,route_5_to_16,15.548400155760454,-0.3144180926302111,0.006132871688552356,-0.1872852379395841,16.537393311262417,-0.290925491354272,0.27999999999348546,-4.226837088224549e-06,0.4205143353682326,crowd_05,1.9281308407758022
132.292,route_5_to_16,15.614425015332898,-0.3269303459967052,0.006132878712661595,-0.18728599118080078,16.602838240642132,-0.3034893609123845,0.27999999999348546,-2.6174314328844987e-06,0.42134280807571023,crowd_05,1.8131148060902953
132.498,route_5_to_16,15.667103938273408,-0.33691313884734836,0.006132882035885157,-0.18728648864302105,16.66429090942488,-0.31528685318069377,0.2421632328973189,-2.5554572078495e-06,0.42476397338301597,crowd_05,1.7886423124648554
132.701,route_5_to_16,15.71197013919563,-0.34541567799745254,0.006132882755810367,-0.18728700292104394,16.709339889009613,-0.32393524404377066,0.2121927237563881,-2.291713485647051e-06,0.42959291652421383,crowd_05,1.7273744937432103
132.918,route_5_to_16,15.753193515736935,-0.35322789931244125,0.006132881678164846,-0.1872873826912125,16.748231887884778,-0.33140165197063143,0.18005773719096396,-1.5851681257939364e-06,0.43556387730840385,crowd_05,1.6653723815041157
133.136,route_5_to_16,15.788707924953012,-0.35995821537486716,0.006132879445244915,-0.1872876194691264,16.781917344344684,-0.33786852990993116,0.15510300402503674,-1.0681588946681586e-06,0.44186885639393814,crowd_05,1.615470212559191
133.364,route_5_to_16,15.8203203788827,-0.3659490714868923,0.006132876640340212,-0.18728776800190894,16.815363508156103,-0.34428947713228425,0.13199934574394945,-7.160952834290642e-07,0.4483707217950612,crowd_05,1.5885431154218812
133.599,route_5_to_16,15.847942854358232,-0.3711837872701779,0.0061328736915322105,-0.18728785990901017,16.84362560548288,-0.34971519964356423,0.11137737756694577,-4.7427868084483756e-07,0.4547268860285032,crowd_05,1.5693980474649696
133.8,route_5_to_16,15.868212378059853,-0.37502504878161946,0.006132871138260607,-0.18728790619231211,16.864355682362348,-0.3536949365127109,0.09751821878083433,-3.562042417299029e-07,0.45978551152566594,crowd_05,1.5421170764580365
134.012,route_5_to_16,15.886615637991373,-0.3785126350326324,0.006132868533847674,-0.1872879345272489,16.882246485598333,-0.3571295941472958,0.08280820884909446,-2.680459438638097e-07,0.4646636500214272,crowd_05,1.5148907495745587
134.228,route_5_to_16,15.902815698945902,-0.38158269419518226,0.006132866013503653,-0.18728795116827662,16.900174297033693,-0.36057135768475357,0.07098348592986525,-2.2311786826703023e-07,0.4690232391853064,shopper_crossing,1.5246219425567513
134.443,route_6_to_18,15.93623636976148,-0.38258350321467466,0.00613286043804788,-0.1536160821217496,16.929758495662284,-0.3658714190923495,0.24248348591058289,0.3429997767824947,0.4533932425468088,shopper_crossing,1.4858448852242758
134.657,route_6_to_18,15.996852030442815,-0.3771158143166111,0.00613284707716307,-0.06828816292447645,16.983630747700374,-0.3722572227629731,0.26976688001454363,0.39999999997568864,0.4204134399753583,shopper_crossing,3.0588938269237307
134.899,route_6_to_18,16.065971598855665,-0.3656262415884854,0.006132830834801856,0.022631308463188695,17.048513734011387,-0.37423235037023006,0.2751095952129745,0.3366768116443556,0.38080222982014367,shopper_crossing,inf
135.103,route_6_to_18,16.12328499082739,-0.3554544102119988,0.006132818289896245,0.0738557673066969,17.104940572655455,-0.3718298750196983,0.2779529520763546,0.21778975032476872,0.34965989590184,shopper_crossing,inf
135.325,route_6_to_18,16.18400100323263,-0.34451123827013924,0.006132822211799024,0.11077309210197978,17.17096022669668,-0.36580952795056615,0.27906697884105824,0.14698563842536544,0.3189799205852737,shopper_crossing,inf
135.565,route_6_to_18,16.249197534487948,-0.3322521369349793,0.00613283777036818,0.13875876858677016,17.23692547123325,-0.3574501262531227,0.27959663653494005,0.0966293179235463,0.2886163932848067,shopper_crossing,8.914330584987527
135.779,route_6_to_18,16.307593567044364,-0.32124308165665416,0.006132851405648212,0.15499107582677357,17.293371179575416,-0.3490619998832054,0.27982307593035216,0.06399187141127985,0.2629882598782831,shopper_crossing,8.617276409065674
136.001,route_6_to_18,16.368345563686507,-0.3097830079045937,0.006132863380760756,0.16608314490448445,17.359117857333892,-0.3383576034081992,0.27992867032793356,0.04063055965367136,0.23884955193830282,shopper_crossing,7.939519871970625
136.213,route_6_to_18,16.426458830010148,-0.2987860730971301,0.006132872166587624,0.1732080949386489,17.415397578517375,-0.328656974783556,0.2799655553172187,0.028226794826663636,0.21885881647528926,shopper_crossing,7.851074032767127
136.449,route_6_to_18,16.49122944189608,-0.28651376952369745,0.006132879073084975,0.17841518757491212,17.48099346326709,-0.3169369137428033,0.27998617699172,0.017885927108417556,0.2004118828218835,shopper_crossing,7.7551859331018065
136.68,route_6_to_18,16.55467980816534,-0.2744809803559648,0.006132882510597558,0.18169672602757997,17.54654146234815,-0.30493446449294836,0.2799943358061441,0.011449276762793979,0.18648064738085324,shopper_crossing,7.711580951261531
136.886,route_6_to_18,16.611291355083875,-0.26373898133393137,0.0061328823455008745,0.18363711254521825,17.602699687413846,-0.2945010343120189,0.2799971886886965,0.008066085074130657,0.17574257944757687,shopper_crossing,7.652231569164352
137.101,route_6_to_18,16.670395949322266,-0.25252236978964737,0.0061328789475338956,0.184985804981406,17.658841669717955,-0.28397817586431356,0.2799987467998477,0.005382845749350493,0.16659890387510945,shopper_crossing,7.59666962276946
137.311,route_6_to_18,16.728137877303528,-0.24156010116778304,0.0061328731506869166,0.18587535228782698,17.714972389338502,-0.27339436819774976,0.2799994641172532,0.0035216074036820678,0.16141560140483524,shopper_crossing,7.531238877533317
137.529,route_6_to_18,16.788088515932838,-0.2301775929681911,0.006132864427181929,0.18648772299328553,17.780448676311412,-0.2609954211384007,0.2799997734715731,0.0022896212730789817,0.16002704622888508,shopper_crossing,7.469562117197434
137.756,route_6_to_18,16.850520403195056,-0.21832271771218148,0.006132852620200697,0.18690682348516632,17.83656572913485,-0.2503386326154691,0.2799998986423802,0.001531528284551365,0.16291444695131618,shopper_crossing,7.404167290071988
137.994,route_6_to_18,16.915981886281056,-0.20589110963454973,0.006132837974524508,0.18719316748121834,17.90203141765696,-0.2378834731694351,0.2799999569624845,0.0009976789413250968,0.16865685565600985,shopper_crossing,7.34040040187182
138.202,route_6_to_18,16.973196464141182,-0.1950239581204942,0.006132827661804611,0.187364379054685,17.958142446023796,-0.22719487186928156,0.27999998142789195,0.0006553028972502357,0.1771227422519559,shopper_crossing,7.285214066654475
138.415,route_6_to_18,17.031788828993545,-0.18389440979525443,0.006132827144316087,0.18748350907273179,18.023603500809955,-0.21471530772478165,0.27999999308789825,0.00039976561587932785,0.18946155981345447,shopper_crossing,7.207010175234139
138.616,route_6_to_18,17.087081710240263,-0.1733925784908419,0.00613283553357031,0.18755252159025437,18.07971198329513,-0.2040133228812478,0.27999999661521,0.0002796159501788371,0.20438378720810635,shopper_crossing,7.159581707602863
138.838,route_6_to_18,17.14815147795604,-0.161793744646552,0.006132849303982598,0.1876018673825471,18.135819863804162,-0.19330817961305066,0.27999999854682045,0.00018304793208072156,0.22438407504702673,shopper_crossing,7.073438582551715
139.049,route_6_to_18,17.206194790000207,-0.15076961271933303,0.006132861001663742,0.18763312376834232,18.201278554075348,-0.1808162047382798,0.27999999933481234,0.00012348861947345774,0.24662001658988386,shopper_crossing,7.021096133908258
139.25,route_6_to_18,17.261486942745737,-0.1402679325636673,0.006132869982388844,0.18765336209730002,18.248034533372483,-0.17189217019120606,0.2799999996810243,8.512815169627085e-05,0.2705360111356685,shopper_crossing,6.962114572985907
139.456,route_6_to_18,17.318154322645768,-0.12950499831139198,0.006132876568880711,0.18766759453719462,18.304141538280696,-0.16118243654574532,0.2799999998373437,6.010487763411043e-05,0.2976207122803405,shopper_crossing,6.918496739308636
139.692,route_6_to_18,17.38307406404722,-0.11717465312982295,0.0061328815535697315,0.18767831182253,18.36959954930698,-0.14868690177812352,0.27999999993166824,3.7806720048512294e-05,0.3316007077100227,shopper_crossing,6.859219554058627
139.897,route_6_to_18,17.439466113940583,-0.10646396981232673,0.006132882742026664,0.18768444380403912,18.425706323847933,-0.13797596113528582,0.279999999965419,2.5166923455616045e-05,0.3634186071599046,shopper_crossing,6.79532867541322
140.115,route_6_to_18,17.499434179669677,-0.09507407376868647,0.006132880644145333,0.18768881635384818,18.491164157453184,-0.12547949687840085,0.2799999999831826,1.6243394872888883e-05,0.3599306057859386,crowd_07,6.742621961538812
140.317,route_6_to_18,17.555000878718577,-0.08452013162687251,0.006132875914046332,0.1876915440297653,18.547270831558052,-0.11476803009895074,0.2799999999895775,1.1085000157927717e-05,0.3498058852134207,crowd_07,6.623335929915762
140.552,route_6_to_18,17.619593997553963,-0.07225176775778262,0.006132867692797573,0.1876936569392568,18.603377480729407,-0.10405643271482512,0.27999999999135383,7.782775714216065e-06,0.34160761997778266,crowd_07,6.589727421274745
140.781,route_6_to_18,17.676878203842666,-0.06137100910107435,0.00613285712130182,0.1876983831900431,18.663959250118424,-0.09249039054530366,0.23704492088878482,-4.997314103746013e-06,0.3376162304655055,crowd_07,6.520331060610431
140.984,route_6_to_18,17.72039014162068,-0.05310646625447566,0.006132760170801407,0.1876990001675579,18.708310768646548,-0.08402301106640467,0.20572649020049738,-8.002765475390745e-06,0.33659856867445614,crowd_07,6.4654416361896265
141.2,route_6_to_18,17.760422959468674,-0.04550306920984795,0.006132830233624222,0.18769763317698696,18.74678369591336,-0.07667800459462336,0.1806548904253802,-5.332509201230829e-06,0.33609711086425076,crowd_07,6.436197194337373
141.401,route_6_to_18,17.79244267095556,-0.03942158349255768,0.006132830460290286,0.18769685817337015,18.785125021512883,-0.06935816720134659,0.15111199891819638,-2.823452726099805e-06,0.3360593013625197,crowd_07,6.395606982481427
141.632,route_6_to_18,17.82400386727755,-0.0334269924398957,0.00613262654338993,0.18769735015429515,18.813170898203154,-0.06400388159153786,0.12869247406221973,-5.24761596183922e-06,0.33696980858132575,crowd_07,6.363058016717424
141.86,route_6_to_18,17.850414986331394,-0.028410778183094357,0.006132803640273881,0.18769652279113153,18.84106424288644,-0.05867874634644656,0.10935920436629942,-3.023877349234328e-06,0.33845991954826227,crowd_07,6.328542477747448
142.086,route_6_to_18,17.87267111167572,-0.024183696496694697,0.006132821371419144,0.1876960525186919,18.86460539248338,-0.05418450953489647,0.09361004031251952,-1.5532561616832792e-06,0.3402288335342818,crowd_07,6.299178643251046
142.291,route_6_to_18,17.890002475303156,-0.020891953328157242,0.006132823916721842,0.18769583874276308,18.88185448357087,-0.05089149485330629,0.0805868175227431,-7.676910003752826e-07,0.34192991143341844,crowd_07,6.293917618806682
142.551,route_7_to_20,17.909994449967744,-0.01879592546187568,0.006132824665211113,0.1753652029782517,18.899464326512387,-0.04753845369489102,0.09108956366485899,-0.3222809782238255,0.34254465780186494,crowd_07,6.257252471655528
142.761,route_7_to_20,17.957861869898736,-0.01972769033798787,0.006132832430767045,0.12100423830571186,18.948576157178277,-0.040550355298529385,0.2780516494357954,-0.21246832400352803,0.33956594639799986,crowd_07,6.918208041810266
142.972,route_7_to_20,18.017997251792206,-0.018894558163011693,0.006132845804942646,0.08406667385861952,19.00514953367227,-0.03496631353792816,0.27906589398067894,-0.1470711142267127,0.3408025328142057,crowd_07,inf
143.2,route_7_to_20,18.082604970918872,-0.018142364769910282,0.006132859798700858,0.057599617657057386,19.062007973377963,-0.031044931890764082,0.27952418336010254,-0.10495178214727177,0.3451910380437797,crowd_07,inf
143.41,route_7_to_20,18.141866306025356,-0.017472051932799444,0.006132870319728475,0.04180970955598356,19.128509619352815,-0.027880246658133163,0.2798375435016709,-0.061319418081679136,0.351081666429893,crowd_07,inf
143.61,route_7_to_20,18.198166547799364,-0.016879775547734427,0.006132877788270414,0.031571994789913904,19.18557428261349,-0.025965828936912252,0.27992382715282815,-0.04198734463022719,0.35953831423297045,crowd_07,inf
143.815,route_7_to_20,18.255776573612003,-0.016298385871279377,0.006132882564864772,0.024413622017057497,19.233149411376655,-0.024753316392733492,0.27995891242937887,-0.030836778331109278,0.3710324260137865,crowd_07,inf
144.031,route_7_to_20,18.31640422555271,-0.015699903951327594,0.006132884254038476,0.019365465984677192,19.299770474606138,-0.02345391492826332,0.2799845094500597,-0.01893406445422245,0.3861491991563981,crowd_07,inf
144.24,route_7_to_20,18.375019520898412,-0.015134124123372724,0.006132882614245635,0.016085894499101697,19.356881662755352,-0.022591684779509697,0.27999285007336283,-0.012863526445318397,0.40359687394452703,crowd_07,inf
144.447,route_7_to_20,18.43304237287984,-0.014579764938872395,0.006132877896611849,0.013897135707058281,19.413996212847607,-0.02188345888374091,0.2799965973039775,-0.00887401506084247,0.3909009145581561,motorcycle_unloading,inf
144.656,route_7_to_20,18.49160440312226,-0.014024608919281563,0.006132870200275794,0.01240573446254808,19.471112534769645,-0.021280098450104146,0.279998426999839,-0.006032552579335238,0.37944060862721307,motorcycle_unloading,inf
144.883,route_7_to_20,18.555194225761507,-0.013427696282891265,0.006132858906468952,0.011316474562996611,19.537749438526156,-0.020664990614083886,0.2799993137504231,-0.003985181115286107,0.37032970187413383,motorcycle_unloading,inf
145.097,route_7_to_20,18.615131609586648,-0.012865911774014823,0.006132846008436223,0.01064774718808752,19.594867360018984,-0.020188760916452015,0.2799996707796737,-0.002760246343176541,0.36499829147019924,motorcycle_unloading,inf
145.317,route_7_to_20,18.676742745264377,-0.012290970171999057,0.006132831229001442,0.010185052264614395,19.661505306623773,-0.01967186654788507,0.2799998773255652,-0.001684898753564407,0.36285880165061934,motorcycle_unloading,inf
145.54,route_7_to_20,18.739188170030427,-0.011709564254956416,0.0061328162877282676,0.009873969652453058,19.718623738467418,-0.01925105715425191,0.2799999440778578,-0.0011375734361664515,0.3495069808696105,handcart_unloading,inf
145.744,route_7_to_20,18.79630114220741,-0.011178159020951694,0.00613282164186654,0.009685632852490283,19.775742279116237,-0.01884390458090878,0.2799999730713765,-0.0007893398204595498,0.335542377219209,handcart_unloading,inf
145.949,route_7_to_20,18.853694779023936,-0.01064461215951228,0.006132835445875312,0.009556362337425914,19.832860889465,-0.018446024247013117,0.2799999877318271,-0.000532707655191834,0.32438934843782796,handcart_unloading,inf
146.176,route_7_to_20,18.917249214129733,-0.01005380926787155,0.006132850482437884,0.00946240793828008,19.89949932460539,-0.017989618577541083,0.27999999488841354,-0.00034380102377898797,0.31551598317387297,handcart_unloading,inf
146.385,route_7_to_20,18.975764953832588,-0.009510154561936655,0.006132862578236431,0.009404443400011031,19.95661801449067,-0.017602859599976386,0.27999999768368866,-0.00023123897520808015,0.310653504869034,handcart_unloading,inf
146.598,route_7_to_20,19.035401178833073,-0.008956320554858467,0.006132872520427733,0.009364077111968442,20.013736723345193,-0.01721885537964394,0.27999999884347204,-0.00016322639240229361,0.3089563205548582,handcart_unloading,inf
146.801,route_7_to_20,19.092237981206075,-0.008428425486771638,0.006132879340098622,0.009338880022607753,20.070855444975493,-0.01683672766939324,0.279999999491487,-0.00010776369330939464,0.3084284254867715,handcart_unloading,inf
147.019,route_7_to_20,19.15327480963393,-0.00786161649797742,0.006132883458140424,0.009320478737855497,20.13749396411083,-0.016392479209360915,0.2799999997984415,-6.763614643267417e-05,0.3078616164979773,handcart_unloading,inf
147.257,route_7_to_20,19.21991155744112,-0.007242850514094941,0.006132883966578593,0.00930734749145519,20.204132490614942,-0.015949330396567044,0.27999999990786506,-4.492986857115049e-05,0.3072428505140947,handcart_unloading,inf
147.481,route_7_to_20,19.282628630319262,-0.006660514038330314,0.00613288068356648,0.009299328497447041,20.26125123144308,-0.01557006173888027,0.27999999995156344,-3.144386371350412e-05,0.30666051403833006,handcart_unloading,inf
147.696,route_7_to_20,19.34282590180233,-0.006101581474497763,0.006132874225462946,0.009294297946277019,20.327889765304867,-0.01512801673987999,0.27999999997749825,-1.9260745543284252e-05,0.3061015814744976,handcart_unloading,inf
147.928,route_7_to_20,19.40778301282312,-0.005498466736745147,0.006132863966817498,0.009290725375467964,20.385008510252934,-0.014749367593362893,0.2799999999876235,-1.2724614766885943e-05,0.3054984667367451,handcart_unloading,inf
148.137,route_7_to_20,19.466300438942415,-0.004955152208870809,0.006132852266636303,0.009288590325352902,20.451647047268747,-0.014307797575332265,0.27999999999153147,-8.32282200147552e-06,0.3049551522088707,handcart_unloading,inf
148.364,route_7_to_20,19.52985766209655,-0.004365047833030316,0.006132837608997971,0.009287062386359665,20.508765793991397,-0.013929415949424963,0.2799999999933078,-5.559757385658632e-06,0.3043650478330302,handcart_unloading,inf
148.589,route_7_to_20,19.592854920460613,-0.003780147833672686,0.006132822137593164,0.00928606219543904,20.5754043323694,-0.013488051413675546,0.2799999999933078,-3.423861337817089e-06,0.3037801478336726,handcart_unloading,inf
148.797,route_7_to_20,19.648674913869453,-0.0032620308104704646,0.006132816127031137,0.009284541191303028,20.63047200986653,-0.01312336750582189,0.2517851951338912,-2.2876462015031597e-06,0.3032620308104703,handcart_unloading,inf
149.001,route_7_to_20,19.696228022086405,-0.0028207544643038224,0.00613282607514456,0.009283060136328349,20.678483784727582,-0.012805425153401818,0.221631236577835,2.6958679016740544e-07,0.30282075446430357,handcart_unloading,inf
149.227,route_7_to_20,19.741451531411826,-0.0024007985651113566,0.006132837290223372,0.009283853916506497,20.72633810207513,-0.01248850187029145,0.1843723274571829,2.9572857424535605e-06,0.30240079856511115,handcart_unloading,inf
149.436,route_7_to_20,19.77736536361677,-0.002067296024533089,0.006132845932920518,0.009284316705099542,20.761490639208816,-0.012255673962257541,0.15951936629718944,1.9546916057093296e-06,0.30206729602453297,handcart_unloading,inf
149.666,route_7_to_20,19.81099782091269,-0.001754984626279567,0.006132853498804344,0.009284619659873325,20.79634312048572,-0.012024818398853132,0.1364353606232882,1.255656797176867e-06,0.3017549846262795,handcart_unloading,inf
149.887,route_7_to_20,19.83854435703385,-0.0014991921396712256,0.0061328592320995,0.009284788451576554,20.821878014004344,-0.011855673447124676,0.11596032874319206,8.047291865134484e-07,0.301499192139671,handcart_unloading,inf
150.091,route_7_to_20,19.860411842904696,-0.001296137805143764,0.006132863442870694,0.009284879108499388,20.843991245152512,-0.011709190091500014,0.10213191600154659,5.886474103854491e-07,0.3012961378051435,handcart_unloading,inf
150.298,route_7_to_20,19.879564256281242,-0.0011182970491271712,0.006132866855360717,0.00928493316945436,20.863088209771092,-0.01158268495196924,0.08837685604259349,4.3825874828848277e-07,0.30111829704912707,handcart_unloading,inf
150.512,route_7_to_20,19.896597655816812,-0.0009601339773733674,0.006132869665815068,0.009284966263643892,20.87959069438978,-0.011473365121767758,0.07631902702218696,3.527162791229902e-07,0.3009601339773731,handcart_unloading,inf
150.725,stop_x20,19.903066929640683,-0.0009030371641161146,0.006132870740787578,0.009284975747251262,20.887821129567968,-0.011418842569045995,0.0,0.0,0.3009030371641159,handcart_unloading,inf
150.951,stop_x20,19.903066929640683,-0.0009030371641161146,0.006132870740787578,0.009284975747251262,20.887821129567968,-0.011418842569045995,0.0,0.0,0.3009030371641159,handcart_unloading,inf
151.16,stop_x20,19.903066929640683,-0.0009030371641161146,0.006132870740787578,0.009284975747251262,20.887821129567968,-0.011418842569045995,0.0,0.0,0.3009030371641159,handcart_unloading,inf
151.372,stop_x20,19.903066929640683,-0.0009030371641161146,0.006132870740787578,0.009284975747251262,20.887821129567968,-0.011418842569045995,0.0,0.0,0.3009030371641159,handcart_unloading,inf
151.582,stop_x20,19.903066929640683,-0.0009030371641161146,0.006132870740787578,0.009284975747251262,20.887821129567968,-0.011418842569045995,0.0,0.0,0.3009030371641159,handcart_unloading,inf
151.809,stop_x20,19.903066929640683,-0.0009030371641161146,0.006132870740787578,0.009284975747251262,20.887821129567968,-0.011418842569045995,0.0,0.0,0.3009030371641159,handcart_unloading,inf
152.016,stop_x20,19.903066929640683,-0.0009030371641161146,0.006132870740787578,0.009284975747251262,20.887821129567968,-0.011418842569045995,0.0,0.0,0.3009030371641159,handcart_unloading,inf
152.243,route_8_to_23,19.907769006552794,-0.0010751759218995838,0.006132871289065568,0.007803138249766157,20.89338604406755,-0.011388065312953128,0.10049999997541192,-0.014558204671884817,0.3010751759218995,handcart_unloading,inf
152.464,route_8_to_23,19.95289064317183,-0.0011567444538722927,0.006132877172686004,0.00525870923402649,20.93528064968545,-0.01123825426375694,0.27999618835217177,-0.00939093436476278,0.3011567444538721,handcart_unloading,inf
152.672,route_8_to_23,20.011178410107878,-0.0011267697649649292,0.006132882331964072,0.0036636425272604683,20.992400004106017,-0.011134026555646806,0.27999824473159407,-0.006373524962853134,0.29508992093005704,motorcycle_unloading,inf
152.899,route_8_to_23,20.07477269600521,-0.0010955578529594132,0.006132884263103391,0.0025195611693111025,21.05903972060796,-0.011105666516639297,0.2799992713018895,-0.004106590165841065,0.29011788850326226,motorcycle_unloading,inf
153.12,route_8_to_23,20.13667467178919,-0.0010680721488940377,0.006132882500287794,0.0017865875792967745,21.11615961056026,-0.011134308961733607,0.2799996669420324,-0.002775944847465164,0.28893183790603816,motorcycle_unloading,inf
153.325,route_8_to_23,20.194088287638948,-0.001043982834107708,0.006132877736406582,0.0013324413110537717,21.173279530501937,-0.01119564806087048,0.2799998450235819,-0.0018937960200743522,0.28895600457240844,motorcycle_unloading,inf
153.546,route_8_to_23,20.255978091427117,-0.001018916236180634,0.006132869442680718,0.0010052145263768366,21.23991943251416,-0.011294723385141403,0.2799999373751305,-0.0012038353322082224,0.2907689561368463,motorcycle_unloading,inf
153.786,route_8_to_23,20.323185018109857,-0.0009926884708860882,0.006132857204173059,0.0007734959881074335,21.30655931728485,-0.011413152671895504,0.27999997307119884,-0.0007893469952221259,0.29688470820994795,motorcycle_unloading,inf
153.995,route_8_to_23,20.38170895436407,-0.0009704271158843936,0.006132844380093704,0.0006410722887962282,21.36367920443534,-0.011524797407359021,0.27999998809455917,-0.0005245124707324711,0.3056716757460711,motorcycle_unloading,inf
154.197,route_8_to_23,20.438271458885453,-0.0009488724655250625,0.006132830737481943,0.0005556735805166248,21.420799081382516,-0.011642561440282419,0.27999999428356404,-0.0003635441831444232,0.31714959042486957,motorcycle_unloading,inf
154.401,route_8_to_23,20.495392997442256,-0.0009273286265091763,0.0061328169830976356,0.0004966228365163767,21.477918950450682,-0.011764499379642291,0.2799999973612799,-0.0002468895894893312,0.33162284060232006,motorcycle_unloading,inf
154.61,route_8_to_23,20.55391208954324,-0.0009053834524268705,0.006132821084178586,0.00045560228284922206,21.535038813806622,-0.011889274287952837,0.27999999880155,-0.00016610764663391086,0.34933412125863206,motorcycle_unloading,inf
154.814,route_8_to_23,20.61103126661131,-0.0008840469474022685,0.006132834764072896,0.00042846226009017575,21.59215867310735,-0.012015979971282367,0.2799999994660851,-0.00011055283083248555,0.36930513207599724,motorcycle_unloading,inf
155.015,route_8_to_23,20.66731071145276,-0.0008630951305918207,0.0061328482141373465,0.0004101019778731154,21.649278529562174,-0.012144001747398788,0.27999999973964407,-7.69154386060314e-05,0.3914389669271121,motorcycle_unloading,inf
155.217,route_8_to_23,20.723870330217814,-0.0008420885905268808,0.006132860270419178,0.00039741251822327303,21.706398384029608,-0.012272925485439103,0.2799999998787328,-5.178628851907771e-05,0.4159987097053943,motorcycle_unloading,inf
155.42,route_8_to_23,20.78071007120947,-0.0008210050243205074,0.006132870305506865,0.00038868783656959515,21.763518237129187,-0.0124024624757028,0.27999999994161584,-3.511609870271616e-05,0.44287437356995474,motorcycle_unloading,inf
155.637,route_8_to_23,20.841469886433224,-0.00079849946346923,0.006132878251446249,0.00038233618396306504,21.820638089281626,-0.012532420382498362,0.27999999996950464,-2.463860914575332e-05,0.4738721635805798,motorcycle_unloading,inf
155.86,route_8_to_23,20.90390976573683,-0.0007753807914083926,0.0061328830469404155,0.00037804699349665435,21.887277915991195,-0.012684392178517231,0.2799999999853142,-1.5395634874486798e-05,0.5079908048675625,motorcycle_unloading,inf
156.071,route_8_to_23,20.96298969280438,-0.000753517861936518,0.006132884232602775,0.0003753346831650015,21.94439776699895,-0.012814855052792121,0.27999999998939984,-1.0330356212028662e-05,0.5422234400037618,motorcycle_unloading,inf
156.3,route_8_to_23,21.027109644458424,-0.0007297942514588367,0.006132881840718285,0.00037339652365633413,22.011037592827524,-0.012967214106799144,0.2799999999933078,-6.771581145277461e-06,0.5813485722989253,motorcycle_unloading,inf
156.501,route_8_to_23,21.08338962027974,-0.0007089741876225732,0.006132876665565011,0.0003722685406036853,22.068157443340226,-0.013097894084382852,0.2799999999952618,-4.418853240307021e-06,0.6172461204040662,motorcycle_unloading,inf
156.735,route_8_to_23,21.1489096054188,-0.0006847365306518628,0.006132867292617781,0.0003714063027895272,22.134797268790432,-0.01325041880394536,0.27999999999543945,-2.8775445109145485e-06,0.6607160423684353,motorcycle_unloading,inf
156.956,route_8_to_23,21.21078959610591,-0.0006618480408530753,0.0061328555910307395,0.00037087140537684607,22.191917119092597,-0.01338119084373889,0.2799999999933078,-1.883445944009333e-06,0.703290162933718,motorcycle_unloading,inf
157.157,route_8_to_23,21.26706958868343,-0.0006410316527554799,0.006132843074955348,0.0003705466282531933,22.249036969344292,-0.013511984969238238,0.27999999999543945,-1.2722898003953411e-06,0.7431846061585137,motorcycle_unloading,inf
157.364,route_8_to_23,21.32502958013126,-0.0006195942125699357,0.0061328290103626745,0.00037032032332235646,22.30615681956297,-0.01364279348768758,0.27999999999348546,-8.115950922068981e-07,0.7534129029503878,shopper_grocery,inf
157.582,route_8_to_23,21.38606956916092,-0.0005970181788657871,0.00613281489930245,0.00037016003021651464,22.363276669760303,-0.013773611379573152,0.2799999999952618,-5.173971645387698e-07,0.7591309681911971,shopper_grocery,inf
157.802,route_8_to_23,21.44766955932752,-0.0005742388554206914,0.00613282432013792,0.00037003471244742033,22.42991649497376,-0.013926239448162925,0.2799999999952618,-2.3023934013801935e-07,0.7673710320629195,shopper_grocery,inf
158.002,route_8_to_23,21.503669553986967,-0.0005535303895723307,0.006132837986131162,0.00036995934642074306,22.487036345149697,-0.01405706667893669,0.27999999999543945,-8.017787151050382e-08,0.7769812955210904,shopper_grocery,inf
158.203,route_8_to_23,21.559949551929694,-0.0005327181715187337,0.006132851170739246,0.00036990946523635934,22.544156195323474,-0.014187894869407384,0.27999999999543945,2.174833789761197e-08,0.7886339106201619,shopper_grocery,inf
158.436,route_8_to_23,21.62518955344727,-0.0005085923523813461,0.006132864393854647,0.0003698728935824914,22.601276045497883,-0.014318722772541067,0.2799999999952618,9.316762415320199e-08,0.804584146250158,shopper_grocery,inf
158.654,route_8_to_23,21.68622955808344,-0.00048601940424512167,0.006132874082940886,0.00036985268485629846,22.66791587070468,-0.014471353856022141,0.27999999999348546,1.5341133381562323e-07,0.8218146594276814,shopper_grocery,inf
158.88,route_8_to_23,21.749509565309836,-0.0004626177199589138,0.006132880884459105,0.00036984127256175386,22.72503572088632,-0.014602178584315161,0.2799999999952618,1.846603157123501e-07,0.8419530821434777,shopper_grocery,inf
159.101,route_8_to_23,21.811389573747643,-0.0004397333703053604,0.006132884020486057,0.0003698363789988938,22.79167554610452,-0.014754804667808243,0.2799999999952618,2.1190962962875e-07,0.8638039621526161,shopper_grocery,inf
159.323,route_8_to_23,21.87354958238544,-0.0004167445433279901,0.006132883548819779,0.00036983856033219323,22.858315371330526,-0.014907427405517409,0.2799999999952618,2.2375735672921432e-07,0.8878153544812939,shopper_grocery,inf
159.534,route_8_to_23,21.93262959054083,-0.0003948928132652497,0.006132879797097545,0.0003698501950939739,22.915435221530533,-0.015038244097034779,0.27999999999437364,2.1453691869605642e-07,0.9124708371937675,shopper_grocery,inf
159.763,route_8_to_23,21.9967496000591,-0.00037117519365381337,0.0061328722465496975,0.00036986817975136026,22.982075046771133,-0.015190860441233764,0.27999999999543945,1.927587838450094e-07,0.9411595301927902,shopper_grocery,inf
159.983,route_8_to_23,22.058349607208477,-0.0003483889292220239,0.006132861942527251,0.0003698834396203057,23.039194896982806,-0.015321672023343853,0.27999999999543945,1.7252779849924638e-07,0.9705217098021388,shopper_grocery,inf
160.192,route_8_to_23,22.116869610572472,-0.00032674170324279334,0.006132849868372779,0.00036989450913290793,23.096314747199173,-0.015452481599238344,0.27999999999348546,1.5881489671741174e-07,0.944886029817487,crowd_08,inf
160.401,route_8_to_23,22.17538960995956,-0.000305094207358324,0.006132836178744485,0.0003699034078707876,23.153434597419682,-0.015583289325607708,0.2799999999952618,1.507089793463937e-07,0.919513240684684,crowd_08,inf
160.613,route_8_to_23,22.234749604865126,-0.00028313570180137,0.006132821591333942,0.0003699109835990861,23.22007442268211,-0.01573589613221364,0.2799999999933078,1.4419547992914768e-07,0.8955036635367661,crowd_08,inf
160.837,route_8_to_23,22.297469592533254,-0.0002599365927803875,0.0061328179122662795,0.00036990229484068753,23.277194272911238,-0.015866700135364488,0.2799999999952618,1.6688184884163002e-07,0.872110294881171,crowd_08,inf
161.059,route_8_to_23,22.359629581590806,-0.00023694643414636377,0.006132832126692174,0.00036988875466719974,23.3438340981842,-0.016019302321866255,0.27999999999348546,2.1989979729603935e-07,0.8510141655360233,crowd_08,inf
161.286,route_8_to_23,22.423189576050575,-0.00021343757937127009,0.00613284743209038,0.0003698849388972223,23.410473923465037,-0.016171901023242764,0.27999999999543945,2.55858416890518e-07,0.8316795605676535,crowd_08,inf
161.494,route_8_to_23,22.48142957543687,-0.00019189550174894987,0.00613285992928647,0.00036988799573423,23.467593773713165,-0.01630269666539216,0.27999999999348546,2.8510469970540494e-07,0.8160199017432872,crowd_08,inf
161.738,route_8_to_23,22.549749579262606,-0.00016662369706004157,0.0061328717844876144,0.0003698976023390619,23.534233599012317,-0.01645528738364873,0.27999999999348546,3.0421715326068096e-07,0.8002392447621556,crowd_08,inf
161.966,route_8_to_23,22.613507353289616,-0.00014303802128331185,0.0061328795214058915,0.00036991154925257723,23.591334880492912,-0.016586033064698337,0.27814311665466107,3.22565773375015e-07,0.7881059671086057,crowd_08,inf
162.19,route_8_to_23,22.670399908318053,-0.00012203787076326105,0.00613288339356231,0.00036965104485965535,23.652515702938196,-0.016726114036485988,0.2367291871227195,6.017850017586522e-07,0.7794434580996958,crowd_08,inf
162.398,route_8_to_23,22.71583374044938,-0.00010521777288734213,0.006132884317812453,0.00036980776816234855,23.69744512749615,-0.01682897767983713,0.20511190373131427,8.800157735139136e-07,0.7740162553269871,crowd_08,inf
162.601,route_8_to_23,22.754135239136378,-9.103566442721505e-05,0.006132883589707935,0.0003699204689361489,23.736332367471597,-0.01691800104246097,0.17783223760758915,6.652857476388641e-07,0.7704809973142757,crowd_08,inf
162.811,route_8_to_23,22.788299505237507,-7.838498019295913e-05,0.006132881768773463,0.00037000115155805225,23.769889516255045,-0.01699481783166521,0.15511214588403988,5.13514392298842e-07,0.7679937372793944,crowd_08,inf
163.021,route_8_to_23,22.817766537183317,-6.747383414825287e-05,0.006132879324013915,0.00037005558579896266,23.798970767463867,-0.0170613856924412,0.1337438854859485,3.975572559328055e-07,0.7658984380846172,crowd_08,inf
163.235,route_8_to_23,22.84356270357218,-5.792237644711807e-05,0.006132876543207033,0.00037009229017379887,23.827934532329525,-0.017127682133200647,0.11129914820031672,3.0647771059340167e-07,0.7640641619293433,crowd_08,inf
163.438,route_8_to_23,22.864645259438824,-5.0116556761364354e-05,0.006132873840052737,0.00037011569731566296,23.849127787343,-0.01717619083310373,0.09728671640800712,2.669807027785048e-07,0.7625650546573308,crowd_08,inf
163.649,route_8_to_23,22.883573456750508,-4.310859682100635e-05,0.006132871101753927,0.00037013283461622386,23.867471482217184,-0.017218176248528422,0.08349360290811347,2.394351383827597e-07,0.7612191365419814,crowd_08,inf
163.856,route_8_to_23,22.89954176315159,-3.719662632699788e-05,0.0061328685680713145,0.0003701450626944254,23.883305863135714,-0.017254417518571135,0.0718341511964482,2.251750040907228e-07,0.7600836860708677,crowd_08,inf
164.071,route_9_to_25.5,22.92608994877958,-0.0037876068020859396,0.006132863956349776,-0.023750307454662306,23.906860510136973,-0.017553340231621195,0.2008207705891607,-0.14809154537503796,0.7619467570582172,crowd_08,inf
164.298,route_9_to_25.5,22.987227254658176,-0.009646501188022433,0.006132851690716437,-0.04882084750619824,23.97061883492869,-0.0200553345947842,0.2796304974385322,-0.0937846103538266,0.7634662928998772,crowd_08,inf
164.515,route_9_to_25.5,23.04724156684173,-0.01531940014356067,0.006132837844210826,-0.06451015050838237,24.027588242391,-0.023442758187165957,0.2798304789937589,-0.06263861597439532,0.7648797366636615,crowd_08,inf
164.725,route_9_to_25.5,23.105470499204195,-0.020851495066158434,0.0061328236420696985,-0.07469660067227224,24.094025808503297,-0.02828966961732153,0.2799314610788528,-0.03982776720896426,0.7662790218829518,crowd_08,inf
164.936,route_9_to_25.5,23.164244952615128,-0.02651363961984827,0.006132818799033727,-0.08194289376465494,24.15094575018882,-0.03295471579293736,0.279970651996031,-0.02606162644258256,0.7677694423248467,crowd_08,inf
165.167,route_9_to_25.5,23.2287660941748,-0.03265910876707255,0.00613283141733217,-0.08670603244592315,24.217327029726903,-0.038770519420333105,0.27998754612958976,-0.016977047922884753,0.7696823963536552,crowd_08,inf
165.395,route_9_to_25.5,23.292408345122727,-0.03873383763780473,0.006132846524794733,-0.08976639899802244,24.274208367282714,-0.04396835444888797,0.27999431547716114,-0.011467604037975324,0.7739440497480587,crowd_08,inf
165.601,route_9_to_25.5,23.349881223352696,-0.04422182272000665,0.006132858790784546,-0.09158021188054072,24.331078603166034,-0.04929609965569784,0.2799975113649822,-0.007589075927683098,0.7800816131637966,crowd_08,inf
165.826,route_9_to_25.5,23.412634983915925,-0.05021917432614614,0.0061328699817246625,-0.09290490942030546,24.39741734495756,-0.05562135502936021,0.2799990032738009,-0.004802808760015039,0.7594870101690183,crowd_09,inf
166.061,route_9_to_25.5,23.478163090927037,-0.056485718198829644,0.0061328783902214285,-0.09380754345278797,24.463748906128476,-0.0620238696110056,0.27999956622437594,-0.0031683905185508183,0.7389721073372992,crowd_09,inf
166.288,route_9_to_25.5,23.541451063242956,-0.06253952622012575,0.006132882919010768,-0.09436919852427104,24.53007578390388,-0.06847570740653738,0.27999982777657806,-0.001996402756371789,0.7216828630056746,crowd_09,inf
166.501,route_9_to_25.5,23.60083041388963,-0.06822143775448081,0.006132883773439804,-0.09472158845153347,24.586924917166126,-0.07403157288164817,0.27999991756573195,-0.0013798698854506869,0.7077959665195237,crowd_09,inf
166.708,route_9_to_25.5,23.658533673454354,-0.07374333811702889,0.006132881401810525,-0.09495027115988526,24.643772517734302,-0.07960323635546437,0.27999996331633525,-0.0009213259597534182,0.6965313183408304,crowd_09,inf
166.915,route_9_to_25.5,23.716234646050676,-0.0792650929487239,0.0061328760055979,-0.09510274202575024,24.700619077051268,-0.08518557619543572,0.27999998352807864,-0.0006172955164950347,0.6868729621362535,crowd_09,inf
167.139,route_9_to_25.5,23.778672676617592,-0.0852407060693038,0.006132867025082062,-0.09521383290630464,24.757464928823975,-0.09077514358626305,0.27999999197625414,-0.0004304863516553738,0.6764956264466435,crowd_09,inf
167.345,route_9_to_25.5,23.836092317113792,-0.0907362992423372,0.0061328563645258695,-0.09528208506984633,24.823784485253874,-0.09730246091404059,0.2799999967086464,-0.0002757576996855498,0.6669520951186607,crowd_09,inf
167.56,route_9_to_25.5,23.89601985712409,-0.0964720398581446,0.006132843386470379,-0.09532992210513205,24.88062947529507,-0.10290080493486083,0.2799999984237189,-0.000190723460537268,0.6569916161267735,crowd_09,inf
167.78,route_9_to_25.5,23.957340532288804,-0.10234127626718656,0.006132828729486371,-0.09536264570108993,24.93747425143762,-0.10850132282791561,0.2799999992692648,-0.00012955309198185852,0.6467994292680344,crowd_09,inf
168.008,route_9_to_25.5,24.020890338045273,-0.10842377847648682,0.006132818775591656,-0.09538395121554584,25.00379297723464,-0.11503708551253645,0.2799999996849323,-8.44970063810486e-05,0.6362368283825104,crowd_09,inf
168.235,route_9_to_25.5,24.08416089807773,-0.11447970011280191,0.0061328254231933065,-0.09539843706031778,25.070111573385507,-0.12157416422023022,0.27999999986398905,-5.494473750529998e-05,0.6257204945463748,crowd_09,inf
168.445,route_9_to_25.5,24.14269310371569,-0.12008219325932694,0.00613283929954729,-0.09540767021477375,25.12695601569354,-0.127178071475867,0.2799999999355762,-3.649601166080907e-05,0.616454350148663,crowd_09,inf
168.658,route_9_to_25.5,24.20206157980845,-0.1257647445584605,0.006132852728312063,-0.09541392497334406,25.183800415896123,-0.13278240591748428,0.2799999999671954,-2.5103751622260294e-05,0.6094036866160724,crowd_09,inf
168.876,route_9_to_25.5,24.262823747350765,-0.13158071377661923,0.006132864703040109,-0.09541821936304996,25.24064478740407,-0.1383870314451872,0.2799999999822944,-1.706909309236395e-05,0.604870593270638,crowd_09,inf
169.086,route_9_to_25.5,24.321356154433253,-0.13718326409917422,0.006132873874066232,-0.09542097197999391,25.306963196490102,-0.14492600811286205,0.27999999998939984,-1.0990299136709279e-05,0.6030958334753189,crowd_09,inf
169.314,route_9_to_25.5,24.38490565644556,-0.14326604480312083,0.006132880608881033,-0.09542296472378578,25.373281588319653,-0.15146515980511124,0.27999999999135383,-7.102488346559296e-06,0.6040604492370536,crowd_09,inf
169.544,route_9_to_25.5,24.449012633363342,-0.14940218644017156,0.006132883684694783,-0.09542425136420976,25.430125915178298,-0.15707023820144778,0.2799999999931302,-4.788619679996578e-06,0.6080768088693194,crowd_09,inf
169.761,route_9_to_25.5,24.50949618464293,-0.15519150539129034,0.006132883041713118,-0.0954250418677341,25.496444289624687,-0.16360956619341366,0.2799999999933078,-3.2980070287639167e-06,0.6146444835624745,crowd_09,inf
169.968,route_9_to_25.5,24.567192481201904,-0.16071403851417498,0.0061328792304846174,-0.09542555166738634,25.553288606520194,-0.16921474563272376,0.2799999999933078,-2.3003603323265826e-06,0.6233875876672392,crowd_09,inf
170.213,route_9_to_25.5,24.635480373578527,-0.16725037141576915,0.0061328709492444984,-0.09542594581718826,25.619606973035964,-0.17575415405364128,0.27999999999348546,-1.551774336268218e-06,0.6367980967406055,crowd_09,inf
170.413,route_9_to_25.5,24.691225594455723,-0.17258615566035415,0.006132861520905187,-0.09542616479668291,25.67645128525727,-0.18135938089560394,0.2799999999945513,-1.115808234339232e-06,0.6501440241132943,crowd_09,inf
170.634,route_9_to_25.5,24.752824063801693,-0.17848219925370282,0.006132848987923842,-0.09542633552594833,25.733295596196587,-0.18696462073882963,0.2799999999952618,-8.230462906193414e-07,0.6673205106055629,crowd_09,inf
170.843,route_9_to_25.5,24.81107781720431,-0.18405809605221532,0.006132835491373572,-0.09542644457510881,25.799613957776938,-0.1935040792125777,0.27999999999543945,-6.15807906459879e-07,0.685830644456717,crowd_09,inf
171.085,route_9_to_25.5,24.878529526060987,-0.1905143974121429,0.006132820361836138,-0.09542652684869678,25.865932318408543,-0.20004354730601132,0.27999999999348546,-4.750178744973621e-07,0.7099031971569449,crowd_09,inf
171.3,route_9_to_25.5,24.938455628174484,-0.19625037189124422,0.00613282244548869,-0.09542660075286337,25.92277662693212,-0.20564881164872273,0.2799999999952618,-3.555137546358779e-07,0.7335602179037903,crowd_09,inf
171.529,route_9_to_25.5,25.002283899162087,-0.20235985307266355,0.0061328369527953565,-0.09542665620603887,25.989094986363813,-0.21218829191242816,0.27999999999543945,-2.580026515011747e-07,0.7609897994213493,crowd_09,inf
171.736,route_9_to_25.5,25.059980200628534,-0.20788239779269055,0.006132850254026668,-0.0954266899164777,26.045939294125713,-0.2177935639803111,0.27999999999543945,-1.987273428253942e-07,0.7876651397275503,crowd_09,inf
171.953,route_9_to_25.5,25.12031397161509,-0.21365731361364676,0.0061328624870439444,-0.09542617114737723,26.10272987048532,-0.22339354006220796,0.2753786050400109,-1.6288676500798537e-07,0.817367919729143,crowd_09,inf
172.179,route_9_to_25.5,25.176756609976593,-0.21905918805534136,0.0061328719139427355,-0.0954232618611324,26.1625386588758,-0.22929118453119057,0.23438403403517327,-1.1476319536262555e-05,0.8467389477875198,crowd_09,inf
172.385,route_9_to_25.5,25.220946082260703,-0.2232888294844486,0.006132877511718694,-0.09542397686052605,26.206407423843693,-0.23361712811641333,0.20249199106086024,-1.1316490397091675e-05,0.8707467061211762,crowd_09,inf
172.595,route_9_to_25.5,25.259873732294253,-0.22701507610203972,0.0061328810428505146,-0.09542580596535899,26.24442837328427,-0.23736649777803784,0.17387371524328898,-7.121459264585759e-06,0.8717465084190219,motorcycle_parked,inf
172.801,route_9_to_25.5,25.292713727620455,-0.23015858326389588,0.006132882944247021,-0.09542691030684433,26.27723989453169,-0.2406021976721428,0.15249473550493775,-4.678027141285531e-06,0.8651512368656389,motorcycle_parked,inf
173.017,route_9_to_25.5,25.322343282966,-0.2329947629399963,0.006132883781060015,-0.09542759417226114,26.30558614402699,-0.24339758247378632,0.1307674276011639,-2.7605668288933587e-06,0.8597577924234152,motorcycle_parked,inf
173.245,route_9_to_25.5,25.34896793145446,-0.23554329158578027,0.00613288381117087,-0.09542798652495282,26.333771120018383,-0.24617708000740887,0.10918958864749584,-1.4638887951297227e-06,0.8553666756788014,motorcycle_parked,inf
173.454,route_9_to_25.5,25.369882460966913,-0.23754523313248285,0.0061328833644865586,-0.09542817725319987,26.35443599618561,-0.2482149804595887,0.0941422153905691,-8.728541903594541e-07,0.8522220071220064,motorcycle_parked,inf
173.66,route_9_to_25.5,25.387649066980007,-0.23924584834220833,0.006132882660428971,-0.09542827463162229,26.372312540489485,-0.2499779083936984,0.08179026715406934,-5.552874289415124e-07,0.8497625659397237,motorcycle_parked,inf
173.862,route_10_to_28,25.402744588345257,-0.24069078427645915,0.006132881821113355,-0.0954283231591826,26.38773016318819,-0.25149834710873215,0.07197509757688181,-3.995530787946219e-07,0.8478265688643307,motorcycle_parked,inf
174.103,route_10_to_28,25.444884513798712,-0.2372908272172742,0.006132878707406486,-0.04961062855200988,26.42584450962753,-0.25461317673225586,0.2724149580904722,0.2900080218562921,0.8358779256120505,motorcycle_parked,inf
174.307,route_10_to_28,25.50035849681331,-0.23226130448481144,0.006132872090029084,-0.00434157774304934,26.482440794205637,-0.2565184829986892,0.2784523730802846,0.18933977841240424,0.8211978603895518,motorcycle_parked,inf
174.518,route_10_to_28,25.55821068725046,-0.2269861192984849,0.006132862479639858,0.027565979222127456,26.548825529263986,-0.25597515872645993,0.279353409080052,0.12235082332512,0.8072700886085282,motorcycle_parked,inf
174.756,route_10_to_28,25.62385152145482,-0.22097417557070342,0.0061328488661856456,0.05119522049156286,26.615314788911267,-0.253461072027566,0.2797151426076283,0.08120056589616854,0.7915168790607532,motorcycle_parked,inf
174.978,route_10_to_28,25.685312680178036,-0.21530041782364187,0.006132834308579328,0.06556919752357919,26.672307653100116,-0.2502815369114708,0.2798838522574343,0.05184762628176035,0.7767226309383519,motorcycle_parked,inf
175.214,route_10_to_28,25.75084577102698,-0.20923928185245536,0.0061328188586046335,0.0754622226352562,26.73877730827832,-0.24579576993109203,0.2799514172066253,0.033531731661712125,0.7609368816522164,motorcycle_parked,inf
175.429,route_10_to_28,25.810854225182055,-0.20362926871242681,0.0061328217214772105,0.081555582469196,26.795729339504124,-0.24150989724607586,0.2799796128661214,0.02172146719467327,0.7464227413289692,motorcycle_parked,inf
175.643,route_10_to_28,25.87062933302837,-0.19809516993386458,0.00613283554812501,0.08526241234465445,26.852665060424748,-0.23696310384275113,0.27999023713594084,0.015024354424661346,0.7320185321556707,motorcycle_parked,inf
175.892,route_10_to_28,25.94013479611709,-0.19165036929424106,0.006132851754729328,0.08805713402055629,26.928560226376028,-0.23063732683039656,0.2799962547483048,0.009309990448533579,0.7152598308865685,motorcycle_parked,inf
176.095,route_10_to_28,25.996775929199316,-0.18639055307505725,0.0061328632544849744,0.08955389437082673,26.98547139230973,-0.22576339793416292,0.27999830617240207,0.006256403924823878,0.7015951372472913,motorcycle_parked,inf
176.3,route_10_to_28,26.05396051177072,-0.18107658809149493,0.00613287261719498,0.09058677121555986,27.04237658636635,-0.22081706129698925,0.2799992532491302,0.004157140395936069,0.687876432686046,motorcycle_parked,inf
176.502,route_10_to_28,26.11029831435159,-0.17583995872290362,0.006132879245984016,0.09127545489868315,27.099277592692104,-0.21582131416855935,0.2799996329189369,0.002914647752397337,0.6759263482456603,motorcycle_parked,inf
176.726,route_10_to_28,26.172764377231662,-0.17003054461529568,0.006132883273916302,0.09179609569839235,27.165658489041814,-0.20995117578487044,0.27999984886744045,0.0018701601672295321,0.6652021134199633,motorcycle_parked,inf
176.952,route_10_to_28,26.23578266658011,-0.16416825619201308,0.006132883633568811,0.09214160914281086,27.222554284441507,-0.20489544510194677,0.279999932781827,0.0012468189101954772,0.6571356268800388,motorcycle_parked,inf
177.176,route_10_to_28,26.29823965774057,-0.15835759933964286,0.006132880295697063,0.0923649141282939,27.28893109256084,-0.19897873234340763,0.2799999693170463,0.0008425760092501561,0.6519165781047416,motorcycle_parked,inf
177.392,route_10_to_28,26.358463805588926,-0.15275422381901016,0.006132873776429658,0.09250695560798192,27.345824568733402,-0.1938967731829943,0.2799999875430004,0.000536822027117428,0.649530167067073,motorcycle_parked,inf
177.604,route_10_to_28,26.417571267066837,-0.14725449884775346,0.006132864513266567,0.09259973798911221,27.402717471701322,-0.18880837656122593,0.27999999408052645,0.00036989150781745336,0.6497274753817766,motorcycle_parked,inf
177.805,route_10_to_28,26.473610960563036,-0.142040027402226,0.006132853525963339,0.09265948670268773,27.459609986540695,-0.18371563101929603,0.2799999970966027,0.00025900582266738254,0.6522370716551289,motorcycle_parked,inf
178.024,route_10_to_28,26.534668467124824,-0.1363585321641549,0.006132839831267544,0.09270321264229667,27.52598425638187,-0.1777703939779325,0.27999999885537363,0.0001624019995185864,0.657530274952469,motorcycle_parked,inf
178.272,route_10_to_28,26.603810626055655,-0.1299245773595617,0.006132823105222062,0.09273549829099803,27.592358292760895,-0.17182254815151177,0.2799999994920199,0.00010761592964429163,0.6667085824251178,motorcycle_parked,inf
178.507,route_10_to_28,26.669327575781438,-0.12382809851059551,0.006132818271323181,0.09275375033706668,27.65873217869497,-0.16587302247991745,0.2799999997906255,6.876942886114811e-05,0.6784694783542855,motorcycle_parked,inf
178.71,route_10_to_28,26.725922730251938,-0.11856161099310568,0.006132829405284537,0.09276512200716888,27.71562400173234,-0.16077254524465104,0.27999999989596347,4.778926960251474e-05,0.690972055892187,motorcycle_parked,inf
178.918,route_10_to_28,26.783911952548703,-0.11316535774067686,0.006132843263398615,0.09277311052689428,27.772515775248053,-0.15567151549315048,0.2799999999497871,3.2341939305891376e-05,0.7059744718808503,motorcycle_parked,inf
179.121,route_10_to_28,26.840507281182582,-0.10789880233619757,0.006132855822631594,0.0927783904091089,27.829407515190983,-0.15057011123466513,0.2799999999734126,2.2321756199700404e-05,0.7226911592107459,motorcycle_parked,inf
179.323,route_10_to_28,26.896823867237494,-0.10265817498499964,0.006132866573834899,0.09278197970831657,27.886299232210515,-0.14546845129901714,0.27999999998353786,1.5095686134805697e-05,0.7412912396882507,motorcycle_parked,inf
179.544,route_10_to_28,26.958437601574104,-0.09692461579414621,0.006132875656185266,0.09278455808752041,27.943190933696954,-0.14036661812839193,0.27999999998939984,1.019398816255958e-05,0.763801339390991,motorcycle_parked,inf
179.758,route_10_to_28,27.018099794771334,-0.09137264817988316,0.006132881379034459,0.09278625127182835,28.009564572292938,-0.13441433291677138,0.27999999999135383,6.6442707966343155e-06,0.7876589572963766,motorcycle_parked,inf
179.982,route_10_to_28,27.08054995998269,-0.08556123835024074,0.00613288386867729,0.09278741939651129,28.066456254864317,-0.12931228881350001,0.2799999999933078,4.586176313266826e-06,0.814701098922743,motorcycle_parked,inf
180.213,route_10_to_28,27.144951704355748,-0.079568217437945,0.006132882583528192,0.09278820970929022,28.132829878601804,-0.12335983791117353,0.2799999999933078,2.996896207898845e-06,0.8446930505784409,motorcycle_parked,inf
180.424,route_10_to_28,27.2037775461569,-0.07409407094264811,0.006132878039664773,0.09278868337232242,28.18972155259348,-0.11825769813630545,0.2799999999952618,2.110020258874835e-06,0.8738565361606041,motorcycle_parked,inf
180.637,route_10_to_28,27.263160982688177,-0.06856803430529526,0.006132870416956686,0.09278901080629015,28.2560951694736,-0.11230517076857466,0.2799999999933078,1.4458673684848398e-06,0.9049152071514033,motorcycle_parked,inf
180.863,route_10_to_28,27.32616876322808,-0.06270472615747914,0.006132859376437099,0.09278924520493986,28.31298683941221,-0.10720298579862333,0.2799999999947289,1.0455109179841406e-06,0.9395479435419662,motorcycle_parked,inf
181.096,route_10_to_28,27.391128111409735,-0.05665980929002621,0.006132845597103166,0.09278940931628313,28.379360452971714,-0.1012504214045511,0.2799999999952618,7.534692583117101e-07,0.9769546587647924,motorcycle_parked,inf
181.3,route_10_to_28,27.44800238752432,-0.051367263368318754,0.00613283211037617,0.0927895079419083,28.43625212086748,-0.09614821365525512,0.2799999999952618,5.716528325974064e-07,0.9977743964257939,shopper_flowers,inf
181.535,route_10_to_28,27.513519317533607,-0.04527045826503839,0.006132819248016809,0.0927895832928141,28.50262573265123,-0.09019562946008763,0.27999999999348546,4.544705830305189e-07,0.9626879463965103,shopper_flowers,inf
181.768,route_10_to_28,27.578478655321206,-0.03922553586782509,0.006132825403449782,0.09278965940674763,28.568999343794108,-0.0842430381180697,0.27999999999543945,3.279693362768035e-07,0.9297223130502594,shopper_flowers,inf
181.998,route_10_to_28,27.64125967974045,-0.03338551026647554,0.006132725158151216,0.09277655451903558,28.625094112260854,-0.07921226803183896,0.2615919326155236,2.4090078749021547e-05,0.8996870284033562,shopper_flowers,inf
182.227,route_10_to_28,27.695375533308848,-0.02835295824281534,0.0061323490868903565,0.09276277413360044,28.68241356716473,-0.07407125397726257,0.22554345893102123,6.208514820528879e-05,0.8753142691144677,shopper_flowers,inf
182.444,route_10_to_28,27.738986742403384,-0.02429376164264962,0.006132811135648464,0.09277554606514418,28.730657300641873,-0.06974346045094836,0.1877502464973091,6.165509221446999e-05,0.8567447557252816,shopper_flowers,inf
182.688,route_10_to_28,27.780780820390728,-0.02040414482240592,0.006132651971860147,0.09278152553814409,28.77150931038474,-0.06607814333535005,0.1593721945962301,5.334017156281979e-05,0.8398776024782091,shopper_flowers,inf
182.901,route_10_to_28,27.811628082935925,-0.0175324727828002,0.006132847921000351,0.09279015179909816,28.801306324582104,-0.06340437129192834,0.13791132460454492,3.3759408458697556e-05,0.8280296985473277,shopper_flowers,inf
183.119,route_10_to_28,27.83883120564321,-0.015000206623943139,0.00613287330426517,0.09279531694336388,28.83110492934479,-0.060730241891563834,0.11558348825744247,1.7045896164114722e-05,0.8180149932913332,shopper_flowers,inf
183.342,route_10_to_28,27.862539240438544,-0.012793447350175544,0.006132878842668771,0.09279806111175355,28.852856908991775,-0.05877812923279979,0.09950834299345956,9.059912676709625e-06,0.8096247443093207,shopper_flowers,inf
183.568,route_10_to_28,27.88302235662544,-0.010886969815716312,0.006132880939391531,0.09279941336382158,28.87456465553918,-0.05682994206902101,0.08486648502934457,4.342011481544579e-06,0.8026332306232928,shopper_flowers,inf
183.797,route_10_to_28,27.900636229751186,-0.009247612221447434,0.0061328821425215,0.09280001457811977,28.89042694114491,-0.055406346641289975,0.07290069482355221,2.0392387420264224e-06,0.796814548100494,shopper_flowers,inf
184.009,route_11_to_33,27.933847833837024,-0.010600744283573146,0.006132883646299425,0.06535436276258806,28.925880298676873,-0.05278722546511222,0.2590149771528161,-0.12080275018017654,0.7822485854416463,shopper_flowers,inf
184.22,route_11_to_33,27.992184526877715,-0.010413107949992303,0.006132883748134965,0.04447199928996216,28.982719117654437,-0.04990071915438773,0.27971739454617506,-0.08113426465324976,0.7604897708574765,shopper_flowers,inf
184.464,route_11_to_33,28.060026628290657,-0.010203203466561284,0.006132879799782742,0.028778391100152123,29.049277780666,-0.04771336999914434,0.27987972961245333,-0.052759828934099584,0.7376566050418489,shopper_flowers,inf
184.679,route_11_to_33,28.11995696637519,-0.010028838143681341,0.006132872897851763,0.0198811118684139,29.106368570778073,-0.04651577210785729,0.2799476246762467,-0.03486575902942396,0.7197873398505119,shopper_flowers,inf
184.906,route_11_to_33,28.183329311696756,-0.009863922924715145,0.006132862485984185,0.013671523521150404,29.172994146290613,-0.045634263668127874,0.27997842253650873,-0.02234659886468649,0.7033242647222104,shopper_flowers,inf
185.123,route_11_to_33,28.243971339215538,-0.009718934891866558,0.0061328500447729705,0.009760239574602769,29.230109108949513,-0.04517366369201146,0.2799898760679653,-0.015306795083049454,0.6899950407602671,shopper_flowers,inf
185.329,route_11_to_33,28.301576086230565,-0.009588381602543187,0.006132836596496529,0.00726241226593943,29.296746746528644,-0.04485980496138993,0.27999564658820475,-0.010037455629960659,0.6749211917533271,shopper_flowers,inf
185.562,route_11_to_33,28.366760421698643,-0.009442990712091395,0.006132820607262963,0.005413074090099796,29.353865987248984,-0.04471924500094215,0.2799981147344255,-0.0066052047513252415,0.6542847943052195,shopper_flowers,inf
185.779,route_11_to_33,28.427528761118428,-0.009312789381979386,0.006132818328127714,0.004276033005959101,29.420505644913693,-0.04465234384941429,0.27999922955981305,-0.004222568463201206,0.637525192448869,shopper_flowers,inf
185.983,route_11_to_33,28.48466997996165,-0.009191440459678232,0.006132831436909876,0.003563657840486395,29.477625533684463,-0.04465062784373865,0.2799996344748479,-0.002908467688338269,0.6240319965166694,shopper_flowers,inf
186.197,route_11_to_33,28.544605088408346,-0.009066369183984922,0.006132845945879539,0.0030553553992105813,29.534745472294503,-0.0446829758071873,0.27999982769095766,-0.001996896805904256,0.6123108539197037,shopper_flowers,inf
186.398,route_11_to_33,28.600894701608198,-0.008950265621794212,0.0061328582535881354,0.002730878681253744,29.59186542041726,-0.04473875695275471,0.2799999225036487,-0.0013391699872320184,0.6036274360746792,shopper_flowers,inf
186.621,route_11_to_33,28.663341755158115,-0.008821816371199494,0.006132869597850442,0.0024915125609021598,29.648985364201238,-0.044810465332429175,0.2799999627873362,-0.0009279481080311819,0.5966839512242139,shopper_flowers,inf
186.848,route_11_to_33,28.726906436928783,-0.00869169467697957,0.006132878072457948,0.0023313182202993055,29.71562528785908,-0.04490745721499627,0.2799999854957491,-0.0005792732349710428,0.5925649993398028,shopper_flowers,inf
187.051,route_11_to_33,28.783749172729596,-0.008575519042000851,0.006132882672212435,0.0022365172172414687,29.772745213656755,-0.04499821451952954,0.2799999931951902,-0.00039667734158353686,0.5914242749084235,shopper_flowers,inf
187.274,route_11_to_33,28.846191157464574,-0.008448177654076601,0.00613288425579046,0.002166454020637123,29.839385118959385,-0.04510990973292388,0.27999999713657076,-0.00025719868385602887,0.5915512573644357,shopper_flowers,inf
187.478,route_11_to_33,28.9033123248474,-0.008331780800973977,0.006132882516650092,0.0021239016009035262,29.89650503267683,-0.04520896322447048,0.27999999871610726,-0.00017197343764095303,0.5916678640353012,shopper_flowers,inf
187.689,route_11_to_33,28.962393102618023,-0.008211493308643516,0.006132877584568355,0.002094023900385607,29.953624943062454,-0.045310039359677326,0.2799999994003599,-0.00011718227134158422,0.5917883685434453,shopper_flowers,inf
187.889,route_11_to_33,29.018393560884654,-0.00809754453722573,0.00613287014742546,0.002074758943687435,30.010744851080517,-0.04541249948035626,0.2799999997089131,-8.116912274930095e-05,0.5919025230160313,shopper_flowers,inf
188.095,route_11_to_33,29.07607383280928,-0.007980184428529238,0.006132860002280155,0.0020613954107042455,30.06786475746048,-0.045515894793909904,0.27999999986594304,-5.450663920214538e-05,0.5920200949961962,shopper_flowers,inf
188.301,route_11_to_33,29.133753975424607,-0.007862859773000058,0.006132847791699016,0.0020522975077581157,30.12498466270519,-0.045619926734875825,0.27999999994374747,-3.484643054394514e-05,0.5921376315227187,shopper_flowers,inf
188.523,route_11_to_33,29.19591402364393,-0.007736407655766558,0.006132833021437706,0.0020459250966872763,30.182104567184762,-0.045724383585178316,0.27999999996950464,-2.468775692837118e-05,0.5922643119665576,shopper_flowers,inf
188.744,route_11_to_33,29.257793997272024,-0.007610539471917412,0.006132817976015967,0.0020417428781126174,30.24874445510041,-0.04584660414596208,0.2799999999851366,-1.5525719777909426e-05,0.5930721734369695,shopper_flowers,inf
188.956,route_11_to_33,29.31715382336661,-0.007489814053928438,0.006132820303567575,0.002039030257491716,30.305864358657512,-0.04595156762746316,0.27999999999135383,-1.038902125617736e-05,0.5963918489419393,shopper_flowers,inf
189.159,route_11_to_33,29.373993647968724,-0.0073742206517301324,0.006132833796623545,0.0020372683924750118,30.362984261986046,-0.04605665592675427,0.2799999999927749,-6.913434699270277e-06,0.6020077325638027,shopper_flowers,inf
189.367,route_11_to_33,29.432233490907908,-0.0072557783401866775,0.006132847764609416,0.002036070371795485,30.4201041651628,-0.04616182683283672,0.2799999999933078,-4.678015107900489e-06,0.6102037773177214,shopper_flowers,inf
189.586,route_11_to_33,29.493553341956797,-0.00713107781981586,0.00613286081671745,0.0020352101647791404,30.48674405207627,-0.046284594722999436,0.2799999999952618,-2.9723486754333395e-06,0.6214556939814848,shopper_flowers,inf
189.808,route_11_to_33,29.555713203828734,-0.007004670285860883,0.006132871542190803,0.002034638310773722,30.543863955074453,-0.0463898627404837,0.27999999999348546,-1.911877394751436e-06,0.6355409372085901,shopper_flowers,inf
190.025,route_11_to_33,29.61647307752367,-0.006881109926751357,0.006132879074495312,0.0020342740494565807,30.610503841854918,-0.046512702904439596,0.27999999999348546,-1.0953652322094118e-06,0.651838315880916,shopper_flowers,inf
190.264,route_11_to_33,29.68339294472677,-0.00674502336178349,0.006132883576949331,0.0020340139784175634,30.67714372860246,-0.04663556089642256,0.2799999999933078,-6.324231461099594e-07,0.6725777618215087,shopper_flowers,inf
190.465,route_11_to_33,29.739672836050506,-0.006630574090552614,0.006132884113282179,0.002033872059786114,30.73426363151416,-0.04674087579158078,0.27999999999543945,-3.345796757927137e-07,0.6921943499459984,shopper_flowers,inf
190.699,route_11_to_33,29.805192711687976,-0.006497332488742305,0.006132881035840975,0.0020337754206825784,30.80090351823607,-0.04686374783986389,0.27999999999543945,-1.3601277810120072e-07,0.7143254782584889,handcart_waiting,inf
190.907,route_11_to_33,29.86343260333011,-0.006378893702342165,0.006132875060217074,0.002033729714086044,30.858023421137126,-0.04696906846591548,0.2799999999933078,-3.620902860700059e-08,0.7005768330526421,handcart_waiting,inf
191.114,route_11_to_33,29.921392495002316,-0.00626102372719562,0.00613286633983892,0.0020337026975327695,30.915143324037572,-0.04707438950624733,0.27999999999543945,1.4587900779823089e-08,0.6891055626803209,handcart_waiting,inf
191.335,route_11_to_33,29.98327237620615,-0.006135181831870708,0.0061328544168997015,0.002033683988436059,30.972263226938516,-0.04717971033549425,0.27999999999543945,5.490661688752645e-08,0.6793530984606944,handcart_waiting,inf
191.59,route_11_to_33,30.0546722339884,-0.005989979587761613,0.006132838140795907,0.002033670809265007,31.048423097475002,-0.047320137074566525,0.2799999999952618,8.280859868782206e-08,0.670693041303916,handcart_waiting,inf
191.796,route_11_to_33,30.112352114484032,-0.005872678867320047,0.00613282396807677,0.002033664601238315,31.105543000379345,-0.04742545600348638,0.2799999999952618,9.993153258296988e-08,0.663904512661869,handcart_waiting,inf
192.009,route_11_to_33,30.17199198517004,-0.005751393341493755,0.006132815912405295,0.0020336534147751043,31.16266290328598,-0.047530773767995436,0.27999999999543945,1.1165033055799394e-07,0.6568853054170656,handcart_waiting,inf
192.224,route_11_to_33,30.23219185380909,-0.005628971249185504,0.006132828547750128,0.0020336349539886657,31.219782806195006,-0.04763609013464595,0.2799999999933078,1.5719841199355754e-07,0.6498001879742448,handcart_waiting,inf
192.43,route_11_to_33,30.28987173240035,-0.005511673666666655,0.006132842642292256,0.002033624006048206,31.276902709107432,-0.047741404686310725,0.2799999999933078,1.8428040455605256e-07,0.6430116564448176,handcart_waiting,inf
192.657,route_11_to_33,30.353431603260614,-0.00538241839360244,0.006132856870820291,0.002033617026198209,31.34354259584357,-0.0478642689531218,0.27999999999348546,2.044844580400569e-07,0.6355310897604647,handcart_waiting,inf
192.893,route_11_to_33,30.419511473465075,-0.005248038232260923,0.006132869098170978,0.002033613680430402,31.410182482585707,-0.04798712999204559,0.2799999999933078,2.1705017711464015e-07,0.6277539364255909,handcart_waiting,inf
193.11,route_11_to_33,30.480271357282636,-0.00512447659446639,0.0061328774264686374,0.002033612939256956,31.46730238551262,-0.04809243671933794,0.2799999999952618,2.2523345196092241e-07,0.6206029096802346,handcart_waiting,inf
193.315,route_11_to_33,30.53767124943547,-0.005007747665246616,0.0061328823645669,0.0020336135863797135,31.524422288444324,-0.04819774082831721,0.27999999999543945,2.2964855823433495e-07,0.6138473313814565,handcart_waiting,inf
193.52,route_11_to_33,30.59507114254044,-0.0048910185400139064,0.006132884248042538,0.0020336151614240164,31.59106217520412,-0.04832059223847184,0.2799999999952618,2.334092775688459e-07,0.6070917531632991,handcart_waiting,inf
193.769,route_11_to_33,30.664791012557817,-0.004749233895380442,0.0061328823899471216,0.0020336243900331663,31.657702061970646,-0.04844343995959121,0.27999999999543945,2.2690150833495276e-07,0.5988861986512457,handcart_waiting,inf
194.001,route_11_to_33,30.72975089202151,-0.004617127324777168,0.006132876672549292,0.0020336398694851348,31.724341948743877,-0.0485662841234294,0.27999999999543945,2.0431083348446387e-07,0.591240864639573,handcart_waiting,inf
194.218,route_11_to_33,30.79051077912385,-0.004493560830707083,0.0061328680950864314,0.0020336563432945555,31.78146185169706,-0.048671576558757805,0.27999999999543945,1.772918729388508e-07,0.5840898423223413,handcart_waiting,inf
194.436,route_11_to_33,30.85155066270954,-0.004369424685981035,0.006132856760684509,0.0020336683483945634,31.848101738480704,-0.048794415128722325,0.2799999999952618,1.5760238991993728e-07,0.5769058665621454,handcart_waiting,inf
194.663,route_11_to_33,30.915110537262752,-0.0042401635115449955,0.006132842694416046,0.0020336772765736214,31.905221641441628,-0.04889970334111336,0.27999999999543945,1.4472724094429715e-07,0.5694253052946341,handcart_waiting,inf
194.89,route_11_to_33,30.97867040684543,-0.004110902209395567,0.006132827225239279,0.0020336837682383042,31.971861528233397,-0.04902253746506542,0.2799999999950842,1.3620416622518772e-07,0.5619447447489514,handcart_waiting,inf
195.092,route_11_to_33,31.035230286103843,-0.003995876899896435,0.006132814598733156,0.0020336864263794698,32.02898143120086,-0.049127822138193576,0.27999999999543945,1.3103210273085656e-07,0.5552880348795448,handcart_waiting,inf
195.297,route_11_to_33,31.092630158385923,-0.003879147599712674,0.0061328239170467085,0.002033665021974531,32.08610133417129,-0.04923310519734021,0.2799999999957947,1.7219659390144856e-07,0.5485324593278345,handcart_waiting,inf
195.534,route_11_to_33,31.158990016779907,-0.003744196834277856,0.006132840087727883,0.00203365062588167,32.14322123714556,-0.049338386227953855,0.27999999999543945,2.0762173342577187e-07,0.5407223544894493,handcart_waiting,inf
195.734,route_11_to_33,31.2149899018399,-0.003630314078152859,0.006132853009054227,0.0020336441622832023,32.209861123954475,-0.04946121102227137,0.27999999999543945,2.3266492675130363e-07,0.5349575994505251,handcart_waiting,inf
195.943,route_11_to_33,31.273509785616255,-0.003511306317577962,0.00613286469259194,0.0020336412250049414,32.26698102693908,-0.049566486486224,0.27999999999543945,2.4737316138153774e-07,0.5314859482416587,handcart_waiting,inf
196.152,route_11_to_33,31.332029672663616,-0.0033922982588022906,0.006132873965553571,0.0020336409832275954,32.32410092992875,-0.04967175906393209,0.2799999999933078,2.573666011490024e-07,0.5306817018443986,handcart_waiting,inf
196.359,route_11_to_33,31.389989563197123,-0.003274428701486215,0.0061328803755262805,0.0020336427265204926,32.38122083292404,-0.04977702863458259,0.27999999999543945,2.65446159676597e-07,0.5325193604633487,handcart_waiting,inf
196.585,route_11_to_33,31.45326944534143,-0.00314573981947425,0.006132883906425979,0.0020336461437855217,32.44786071975926,-0.04989983922465467,0.27999999999543945,2.701059447791786e-07,0.5375055786930236,handcart_waiting,inf
196.813,route_11_to_33,31.517109327147303,-0.003015911270742535,0.006132883657440941,0.00203365311735887,32.50498062276678,-0.05000510203373918,0.2799999999933078,2.722444492064824e-07,0.5456519869799803,handcart_waiting,inf
197.03,route_11_to_33,31.5778692150962,-0.0028923439598145147,0.006132879925010361,0.002033670209290223,32.571620509616444,-0.050127904685062404,0.27999999999543945,2.4941539872851266e-07,0.5343017282606188,shopper_exit,inf
197.235,route_11_to_33,31.635269110299653,-0.002775608128931085,0.006132873395583227,0.002033690510547369,32.6287404126362,-0.05023316093998754,0.2799999999933078,2.2052839840985287e-07,0.5201024114725927,shopper_exit,inf
197.476,route_11_to_33,31.70274898460796,-0.0026383716417695425,0.006132862369171841,0.0020337097153876023,32.6953802994986,-0.050355956682047384,0.27999999999543945,1.92874533548738e-07,0.5065614758733301,shopper_exit,inf
197.683,route_11_to_33,31.76070887292296,-0.002520496068486662,0.006132850494362391,0.0020337217634295293,32.752500202528026,-0.05046120773320171,0.2799999999936631,1.7444970199581042e-07,0.49773019573747,shopper_exit,inf
197.912,route_11_to_33,31.824828744657378,-0.0023900924079684437,0.006132835502550445,0.002033731915228018,32.809620105561116,-0.05056645673524455,0.2799999999933078,1.650281345269656e-07,0.49104464409339066,shopper_exit,inf
198.114,route_11_to_33,31.881388627036518,-0.002275063615604759,0.006132821596443881,0.0020337391722498673,32.87625999243756,-0.05068924481851522,0.2799999999933078,1.5674916561868982e-07,0.4878773853524927,shopper_exit,inf
198.316,route_11_to_33,31.93794850353865,-0.002160036214359432,0.006132816900915427,0.002033735787506101,32.933379895478176,-0.050794489762215046,0.2799999999933078,1.6819807195779211e-07,0.4871600362143593,shopper_exit,inf
198.521,route_11_to_33,31.99534837845431,-0.002043301972656042,0.006132829494656556,0.0020337265712545255,32.99049979852256,-0.05089973274321504,0.2799999999950842,1.9496605047254803e-07,0.4870433019726559,shopper_exit,inf
198.721,route_11_to_33,32.05134826057891,-0.001929414469873352,0.006132843162854224,0.0020337230480211564,33.038099717729445,-0.050987433483772784,0.27999999999543945,2.1649205725606727e-07,0.48692941446987326,shopper_exit,inf
198.934,route_11_to_33,32.11098813920615,-0.0018081238014091994,0.006132856511618443,0.0020337232449905577,33.10473960462453,-0.05111021154424959,0.2799999999950842,2.3611793523976363e-07,0.48680812380140903,shopper_exit,inf
199.178,route_11_to_33,32.17930800472651,-0.0016691798129115254,0.006132869180092374,0.0020337272364207484,33.17137949152639,-0.0512329858769722,0.27999999999543945,2.4720813210097406e-07,0.48681989769960365,shopper_exit,inf
199.405,route_11_to_33,32.24286788304288,-0.0015399156493626435,0.006132877791022942,0.002033733502822506,33.238019378435474,-0.051355756276144894,0.27999999999543945,2.5682108769380587e-07,0.48931353943791844,shopper_exit,inf
199.611,route_11_to_33,32.300547774538785,-0.0014226092222800605,0.006132882573241952,0.0020337407946051543,33.2951392815062,-0.05146098480670983,0.27999999999543945,2.634428875764218e-07,0.49438520785319384,shopper_exit,inf
199.831,route_11_to_33,32.36214765962286,-0.0012973297757528505,0.006132884263215933,0.002033750173010623,33.35225918458279,-0.05156621026757799,0.27999999999543945,2.69232664836196e-07,0.5027149571637031,shopper_exit,inf
200.061,route_11_to_33,32.42654753924616,-0.001166353703514515,0.00613288224195634,0.0020337680625373846,33.41889907151282,-0.05168896935362339,0.2799999999936631,2.6366865680052615e-07,0.5145769429761189,shopper_exit,inf
200.29,route_11_to_33,32.49066742001748,-0.0010359446471440597,0.006132876481838279,0.002033792242052448,33.4760189746017,-0.05179418811315946,0.27999999999401837,2.433895379145988e-07,0.5295021684705252,shopper_exit,inf
200.502,route_11_to_33,32.55002730946034,-0.0009152149558024895,0.0061328680574936935,0.0020338160124304012,33.54265886154519,-0.051916939787427514,0.2799999999933078,2.1317313505806529e-07,0.5459968058155551,shopper_exit,inf
200.717,route_11_to_33,32.61018697042458,-0.0007928580531074261,0.006132856895896528,0.002033835105250005,33.599778764644725,-0.05202215280137876,0.27999999999543945,1.9354152689101611e-07,0.5652384940972228,shopper_exit,inf
200.935,route_11_to_33,32.66628029878247,-0.0006790972939059513,0.006132844583772618,0.0020320170239353217,33.6531053380886,-0.05212037210074518,0.2436889321913327,3.9591189108485255e-06,0.5853735703631213,shopper_exit,inf
201.146,route_11_to_33,32.712808653098136,-0.0005843969944450677,0.00613283332622405,0.002032941066107646,33.7061467154335,-0.05221802153299334,0.205792145554895,3.700860693169811e-06,0.6036122816509555,shopper_exit,inf
201.355,route_11_to_33,32.752421254100526,-0.0005037707708923667,0.006132823383431167,0.0020335315890968233,33.744914637778955,-0.05228936087454416,0.17947051412967596,2.507847979461897e-06,0.6201943328955704,shopper_exit,inf
201.572,route_11_to_33,32.7878169265144,-0.0004317306227014921,0.006132815041632625,0.002033917055498134,33.778512636333176,-0.0523511699305296,0.15269968888418362,1.5438214147927226e-06,0.6358014483494372,shopper_exit,inf
201.778,route_11_to_33,32.8167690404204,-0.00037281209664509257,0.006132814965703102,0.002034123776527211,33.80763823844562,-0.052404741843012456,0.1341243412635862,1.0678895760505722e-06,0.6491038407932077,shopper_exit,inf
201.982,route_11_to_33,32.84156366621321,-0.00032235849307218477,0.006132820486270644,0.002034243956918414,33.832799307630175,-0.052451016187702613,0.11427663058434234,7.266113159183139e-07,0.6608686545865583,shopper_exit,inf
202.205,route_11_to_33,32.86493000491754,-0.00027481387944005154,0.006132826497819587,0.002034323142832441,33.85799704419984,-0.05249735389446181,0.09752824166930907,5.279733639532248e-07,0.6722623448709917,shopper_exit,inf
202.427,route_11_to_33,32.88477338760005,-0.00023443948377336446,0.006132831614136695,0.0020343690748155473,33.87644375967191,-0.05253127450644661,0.08337874737485151,4.168100989802277e-07,0.6821663953116786,shopper_exit,inf
202.627,route_11_to_33,32.900115046237005,-0.00020322542157221184,0.00613283550461288,0.0020343950656957956,33.89236805168101,-0.052560555397603376,0.07318193239491677,3.668153952628106e-07,0.6899643362799872,shopper_exit,inf
202.845,stop_x33,32.90094319532195,-0.00020221033736019122,0.006132835742648492,0.00203439579634246,33.89436372344302,-0.052564224862171154,0.0,0.0,0.6903892942938055,shopper_exit,inf
203.061,stop_x33,32.90094319532195,-0.00020221033736019122,0.006132835742648492,0.00203439579634246,33.89436372344302,-0.052564224862171154,0.0,0.0,0.6903892942938055,shopper_exit,inf
203.267,stop_x33,32.90094319532195,-0.00020221033736019122,0.006132835742648492,0.00203439579634246,33.89436372344302,-0.052564224862171154,0.0,0.0,0.6903892942938055,shopper_exit,inf
203.485,stop_x33,32.90094319532195,-0.00020221033736019122,0.006132835742648492,0.00203439579634246,33.89436372344302,-0.052564224862171154,0.0,0.0,0.6903892942938055,shopper_exit,inf
203.716,stop_x33,32.90094319532195,-0.00020221033736019122,0.006132835742648492,0.00203439579634246,33.89436372344302,-0.052564224862171154,0.0,0.0,0.6903892942938055,shopper_exit,inf
203.928,stop_x33,32.90094319532195,-0.00020221033736019122,0.006132835742648492,0.00203439579634246,33.89436372344302,-0.052564224862171154,0.0,0.0,0.6903892942938055,shopper_exit,inf
204.159,stop_x33,32.90094319532195,-0.00020221033736019122,0.006132835742648492,0.00203439579634246,33.89436372344302,-0.052564224862171154,0.0,0.0,0.6903892942938055,shopper_exit,inf
204.398,turn_left_90,32.9019477712432,0.005104639766311247,0.006132835879357419,0.03913426293815469,33.89436372344302,-0.05256422486216892,2.1316282072803006e-12,0.3289999999252806,0.6863596667886189,shopper_exit,inf
204.641,turn_left_90,32.90350407939614,0.017385181694265627,0.006132837473254069,0.12418419404430588,33.894363723443554,-0.05256422486210418,4.263256414560601e-12,0.3499999999644021,0.6766689040686411,shopper_exit,inf
204.847,turn_left_90,32.90400220771662,0.027868175541425844,0.006132839400342676,0.19628414672379882,33.894363723444094,-0.052564224861961405,3.907985046680551e-12,0.34999999996325604,0.667993838741163,shopper_exit,inf
205.071,turn_left_90,32.90368537048179,0.03927517086815541,0.006132841375418534,0.2746841011009423,33.89436372344456,-0.052564224861776705,3.907985046680551e-12,0.34999999996325604,0.6581284732832509,shopper_exit,inf
205.31,turn_left_90,32.9014910590861,0.05148595406912294,0.00613284391167087,0.36111571022831007,33.89436372344516,-0.05256422486146425,4.263256414560601e-12,0.349999999964402,0.6466082083463143,shopper_exit,inf
205.528,turn_left_90,32.89677086121449,0.062552619972211,0.006132848376360637,0.4455905252582054,33.89436372344518,-0.05256422486127723,2.1316282072803006e-12,0.34999999995752584,0.6347253015918988,shopper_exit,inf
205.736,turn_left_90,32.89141185180693,0.07270466387780047,0.006132852865413693,0.5261903387305991,33.89436372344518,-0.05256422486109474,2.1316282072803006e-12,0.34999999995752584,0.623278466056707,shopper_exit,inf
205.97,turn_left_90,32.88442869032399,0.08356740900132155,0.006132857628062624,0.616865116737197,33.89436372344518,-0.05256422486084998,2.1316282072803006e-12,0.34999999995752584,0.610365369663044,shopper_exit,inf
206.194,turn_left_90,32.8768485136526,0.0933328911011858,0.006132861810029389,0.70366489223607,33.89436372344518,-0.05256422486074323,0.0,0.349999999964402,0.5980636405850128,shopper_exit,inf
206.423,turn_left_90,32.86825397922974,0.10259851296037639,0.006132865664446605,0.79240215113154,33.89436372344518,-0.05256422486074324,0.0,0.34999999996210995,0.5856484668296218,shopper_exit,inf
206.627,turn_left_90,32.85993242433333,0.11018252902723606,0.006132868714927647,0.8714519271855007,33.89436372344518,-0.05256422486074326,0.0,0.34999999996210995,0.5748093227475046,shopper_exit,inf
206.829,turn_left_90,32.85112777148465,0.11702149748395059,0.006132871360429104,0.9497266977147719,33.89436372344518,-0.05256422486074327,0.0,0.349999999964402,0.5643566976302017,shopper_exit,inf
207.037,turn_left_90,32.8415315151786,0.12332186409767307,0.006132873677626701,1.0303264542723325,33.89436372344518,-0.05256422486097949,-1.7763568394002505e-12,0.34999999997013226,0.5539606911348662,shopper_exit,inf
207.243,turn_left_90,32.83155806659048,0.12878009718899952,0.0061328755512977465,1.110151206896577,33.89436372344518,-0.05256422486131819,-1.7763568394002505e-12,0.34999999997013226,0.544106916053666,shopper_exit,inf
207.461,turn_left_90,32.82056560588438,0.13367059589699304,0.006132877068953734,1.1946259367553191,33.89436372344523,-0.05256422486056938,6.0396132539608516e-12,0.34999999997013226,0.5342403887198419,shopper_exit,inf
207.662,turn_left_90,32.81009761648382,0.137343158553587,0.006132878038496173,1.2725131756621955,33.89436372344529,-0.05256422485945967,5.6843418860808015e-12,0.3499999999689862,0.5257262451372817,shopper_exit,7.4151003718179656
207.901,turn_left_90,32.79740712548032,0.14061689341723307,0.006132879097081668,1.364538707680609,33.89436372344536,-0.05256422485846467,4.263256414560601e-12,0.34116881740526267,0.5164763036025724,shopper_exit,7.241938617391002
208.126,turn_left_90,32.787949571730785,0.14226541052182248,0.006132879773531038,1.4319349076886037,33.894363723445366,-0.05256422485762235,3.907985046680551e-12,0.2213259598257599,0.5103132736264113,shopper_exit,7.134542779792613
208.35,turn_left_90,32.78159563814577,0.1430090748449223,0.006132880026702516,1.4768425476145604,33.894363723445366,-0.05256422485718305,2.1316282072803006e-12,0.1534817065274388,0.506513158698662,shopper_exit,7.093727256397932
208.585,turn_left_90,32.777076262480485,0.14336281679182644,0.006132880116238511,1.508663251554196,33.894363723445366,-0.052564224856897185,1.7763568394002505e-12,0.10447471474033102,0.5039756191727027,shopper_exit,7.099835686417848
208.789,turn_left_90,32.774453493683566,0.14350185249198932,0.006132880133536692,1.5270990627834982,33.894363723445366,-0.05256422485668372,2.1316282072803006e-12,0.07448316009667759,0.5025658872543846,shopper_exit,7.080759160868159
209.009,turn_left_90,32.772481990355004,0.14357444761556695,0.006132880130465593,1.5409469010149497,33.894363723445366,-0.05256422485667671,-3.552713678800501e-13,0.04877693513667545,0.5015366254756175,shopper_exit,7.103574941884442
209.221,turn_left_90_stop,32.771744498775895,0.1435946891804618,0.006132880128716415,1.546124360563711,33.894363723445366,-0.05256422485668023,0.0,0.0,0.5011582171203082,shopper_exit,7.105964142931534
209.446,turn_left_90_stop,32.771744498775895,0.1435946891804618,0.006132880128716415,1.546124360563711,33.894363723445366,-0.05256422485668023,0.0,0.0,0.5011582171203082,shopper_exit,7.0996009485495355
209.669,turn_left_90_stop,32.771744498775895,0.1435946891804618,0.006132880128716415,1.546124360563711,33.894363723445366,-0.05256422485668023,0.0,0.0,0.5011582171203082,shopper_exit,7.103240258718501
209.899,turn_left_90_stop,32.771744498775895,0.1435946891804618,0.006132880128716415,1.546124360563711,33.894363723445366,-0.05256422485668023,0.0,0.0,0.5011582171203082,shopper_exit,7.096062568575418
210.101,turn_left_90_stop,32.771744498775895,0.1435946891804618,0.006132880128716415,1.546124360563711,33.894363723445366,-0.05256422485668023,0.0,0.0,0.5011582171203082,shopper_exit,7.081707510648136
210.339,turn_left_90_stop,32.771744498775895,0.1435946891804618,0.006132880128716415,1.546124360563711,33.894363723445366,-0.05256422485668023,0.0,0.0,0.5011582171203082,shopper_exit,7.097815302903147
210.568,turn_left_90_stop,32.771744498775895,0.1435946891804618,0.006132880128716415,1.546124360563711,33.894363723445366,-0.05256422485668023,0.0,0.0,0.5011582171203082,shopper_exit,7.097320850841098
210.779,return_forward,32.7754450229942,0.14337830965759182,0.00613288015860606,1.5199310822906498,33.89436440105243,-0.05255962303162992,3.552713678800501e-13,-0.349999999963256,0.503160201711796,shopper_exit,7.096743689213315
210.992,return_forward,32.78715083193659,0.14229903630827404,0.006132879819578933,1.4373939266066171,33.89436440105243,-0.05255962303218545,-3.907985046680551e-12,-0.34999999996325604,0.5098863290200395,shopper_exit,7.123540070140991
211.23,return_forward,32.800074508990946,0.13995638663127288,0.00613287887146813,1.3451692832235818,33.89436440105243,-0.052559623033362236,-6.0396132539608516e-12,-0.34999999997013226,0.5183910643960097,shopper_exit,7.149546127234696
211.431,return_forward,32.81078260125786,0.13705755763090882,0.006132878025028291,1.267282061212578,33.89436440105239,-0.05255962303430789,-5.6843418860808015e-12,-0.3499999999689862,0.5263211198030688,shopper_exit,7.257193194296785
211.665,return_forward,32.822919310898996,0.13264576027763342,0.006132876754436367,1.1766073698002977,33.89436440105239,-0.052559623035595346,-5.6843418860808015e-12,-0.3499999999689862,0.5363307827291863,shopper_exit,inf
211.89,return_forward,32.83416664258791,0.12738383617260687,0.006132875055745109,1.0894201556739653,33.89436440105243,-0.052559623036076794,2.1316282072803006e-12,-0.3499999999689862,0.5466550151640062,shopper_exit,inf
212.121,return_forward,32.8451920117749,0.12098391372852998,0.006132872797392183,0.999907944291847,33.894364401052485,-0.05255962303574201,2.1316282072803006e-12,-0.3499999999689862,0.5578684694845044,shopper_exit,inf
212.352,return_forward,32.85560113397392,0.1136240258792931,0.006132870026315412,0.9103957287623081,33.89436440105255,-0.052559623035383855,7.105427357601002e-13,-0.34999999996669406,0.5696003231740179,shopper_exit,inf
212.566,return_forward,32.86462169337886,0.10600035775707103,0.006132867019232852,0.827470988253311,33.89436440105255,-0.05255962303538385,0.0,-0.34999999996210995,0.5808388042752419,shopper_exit,inf
212.773,return_forward,32.87271748238142,0.09793949460529874,0.00613286372853729,0.7472587355340412,33.89436440105255,-0.05255962303538385,0.0,-0.349999999964402,0.5919660214105888,shopper_exit,inf
212.98,return_forward,32.880141353784836,0.08925586291359372,0.0061328600859455774,0.6670464797340591,33.89436440105255,-0.05255962303538384,0.0,-0.349999999964402,0.6032675999590527,shopper_exit,inf
213.203,return_forward,32.88733252960363,0.07926837233259064,0.006132855801078044,0.5806342414581552,33.89436440105255,-0.05255962303542558,-2.1316282072803006e-12,-0.34999999995752584,0.6155505130936691,shopper_exit,inf
213.435,return_forward,32.893869903466495,0.0682597520583629,0.0061328509990000515,0.4907345190149345,33.89436440105255,-0.05255962303565665,-1.7763568394002505e-12,-0.34999999995637976,0.6283496803717263,shopper_exit,inf
213.645,return_forward,32.898913658036236,0.057824799658233283,0.0061328464568654855,0.4093597971211957,33.89436440105255,-0.052559623035829985,-2.1316282072803006e-12,-0.34999999995752584,0.6398686435531145,shopper_exit,inf
213.858,return_forward,32.90118471565726,0.04708147367476276,0.006132842768031833,0.33319292161037495,33.89436440105229,-0.052559623036024884,-4.263256414560601e-12,-0.3499999999644021,0.650180419771202,shopper_exit,inf
214.081,return_forward,32.902169584089606,0.035763779210105984,0.006132840727504938,0.25514305351027955,33.894364401051824,-0.0525596230362523,-3.907985046680551e-12,-0.34999999996325604,0.6603131584163038,shopper_exit,inf
214.3,return_forward,32.90229123073745,0.025215532847043105,0.006132838921966306,0.18267108083388667,33.89436440105148,-0.05255962303641017,-3.907985046680551e-12,-0.2877992735242452,0.6693571531486648,shopper_exit,inf
214.531,return_forward,32.90186835612617,0.017160901064155444,0.0061328373855917785,0.1272640524210121,33.89436440105113,-0.05255962303652594,-5.6843418860808015e-12,-0.20866065742235343,0.6760086706322035,shopper_exit,inf
214.753,return_forward,32.901329686758075,0.011733427197224117,0.006132836285249567,0.08979976314604801,33.89436440105046,-0.05255962303663691,-3.907985046680551e-12,-0.14618040807243177,0.680367369805911,shopper_exit,inf
214.964,return_forward,32.900849534373116,0.008071226048459258,0.006132836058124298,0.06442975063475807,33.89436440105033,-0.05255962303667248,-1.7763568394002505e-12,-0.10461380481255067,0.6832523326096831,shopper_exit,inf
215.169,return_forward,32.90045525178558,0.005497451828479109,0.006132835911351567,0.04654515333743028,33.894364401050275,-0.05255962303668857,-2.1316282072803006e-12,-0.07495845927045988,0.6852527637517771,shopper_exit,inf
215.405,return_forward,32.90010241922038,0.0034196233395241654,0.006132835794747829,0.03206903326874568,33.894364401050275,-0.052559623036694994,0.0,-0.05159066571166242,0.6868513545635213,shopper_exit,inf
215.646,return_forward_stop,32.89989296379096,0.0022651715878435306,0.006132835731131546,0.024010133586784044,33.89436440105026,-0.052559623036696805,0.0,0.0,0.687733200231436,shopper_exit,inf
215.863,return_forward_stop,32.89989296379096,0.0022651715878435306,0.006132835731131546,0.024010133586784044,33.89436440105026,-0.052559623036696805,0.0,0.0,0.687733200231436,shopper_exit,inf
216.092,return_forward_stop,32.89989296379096,0.0022651715878435306,0.006132835731131546,0.024010133586784044,33.89436440105026,-0.052559623036696805,0.0,0.0,0.687733200231436,shopper_exit,inf
216.296,return_forward_stop,32.89989296379096,0.0022651715878435306,0.006132835731131546,0.024010133586784044,33.89436440105026,-0.052559623036696805,0.0,0.0,0.687733200231436,shopper_exit,inf
216.515,return_forward_stop,32.89989296379096,0.0022651715878435306,0.006132835731131546,0.024010133586784044,33.89436440105026,-0.052559623036696805,0.0,0.0,0.687733200231436,shopper_exit,inf
216.727,return_forward_stop,32.89989296379096,0.0022651715878435306,0.006132835731131546,0.024010133586784044,33.89436440105026,-0.052559623036696805,0.0,0.0,0.687733200231436,shopper_exit,inf
216.96,return_forward_stop,32.89989296379096,0.0022651715878435306,0.006132835731131546,0.024010133586784044,33.89436440105026,-0.052559623036696805,0.0,0.0,0.687733200231436,shopper_exit,inf
217.206,reverse_0.4m,32.894087856609026,0.002093423955782233,0.006132834183032346,0.024059528131838023,33.888964707136836,-0.05261711744599075,-0.14999999999503189,2.0628660070454523e-11,0.6849019501254836,shopper_exit,inf
217.431,reverse_0.4m,32.860347627464094,0.001281496611885075,0.006132826034190544,0.02405955334067264,33.85326673068936,-0.05299721937441594,-0.1499999999946766,1.948262339987372e-11,0.6686430646560819,shopper_exit,inf
217.657,reverse_0.4m,32.826457443240834,0.0004659598734679172,0.006132817769528176,0.02405957859397012,33.82266846516296,-0.053323021027482057,-0.1499999999946766,1.9482623399873712e-11,0.6529397064315527,shopper_exit,inf
217.874,reverse_0.4m,32.793916869820286,-0.0003170992788491375,0.006132814012478397,0.02405961150022318,33.78697048871548,-0.053703122956211075,-0.14999999999503189,2.062866007045452e-11,0.6384735984574801,shopper_exit,inf
218.101,reverse_0.4m,32.759876733467294,-0.0011362428441138008,0.006132820723942844,0.024059664591110252,33.756372223189075,-0.05402892460953759,-0.14999999999503189,2.0628660070454523e-11,0.6240032409816785,shopper_exit,inf
218.333,reverse_0.4m,32.72508681280058,-0.0019734311287309928,0.006132829600421444,0.0240597188285949,33.72067424674161,-0.05440902653857038,-0.1499999999946766,1.9482623399873715e-11,0.6099361658987934,shopper_exit,inf
218.546,reverse_0.4m,32.69314606527051,-0.0027420582915061616,0.006132837674011926,0.024059768487009078,33.6900759812152,-0.054734828192157255,-0.1499999999946766,1.9482623399873712e-11,0.5976832453425862,shopper_exit,inf
218.756,reverse_0.4m,32.661655186159344,-0.003499861325119432,0.006132845288503671,0.024059817262833676,33.65437800476773,-0.05511493012149387,-0.14999999999503189,2.062866007045452e-11,0.5862409334782814,shopper_exit,inf
218.998,reverse_0.4m,32.625365695427114,-0.0043731410813669085,0.0061328534909595115,0.024059873187746116,33.618680028320256,-0.055495032050994035,-0.14999999999538716,1.948262339987372e-11,0.5738621579735022,shopper_exit,inf
219.201,reverse_0.4m,32.59492450992581,-0.005105687296762915,0.0061328598017892115,0.024059919823047334,33.58808176279385,-0.05582083370498148,-0.14999999999503189,1.833658672929291e-11,0.5641618792979752,shopper_exit,inf
219.432,reverse_0.4m,32.56028453908611,-0.005939276167003391,0.006132866250858911,0.024059972539391954,33.55238378634638,-0.05620093563478544,-0.14999999999503189,1.8336586729292907e-11,0.5539010696234856,shopper_exit,inf
219.654,reverse_0.4m,32.52699417649774,-0.006740389342182416,0.006132871627510975,0.024060022811816715,33.521785520819975,-0.056526737289033284,-0.14999999999538716,1.948262339987372e-11,0.5448374106840324,shopper_exit,inf
219.855,reverse_0.4m,32.49685290153863,-0.007465723047491909,0.006132875737584063,0.024060067971986374,33.49118725529357,-0.05685253894340134,-0.14999999999538716,1.948262339987372e-11,0.5373192883752358,shopper_exit,inf
220.069,reverse_stop,32.48433250034921,-0.00776701611971915,0.006132877149604084,0.024060110760413138,33.477013058760406,-0.05700346176866183,0.0,0.0,0.5343914617973304,shopper_exit,inf
220.279,reverse_stop,32.48433250034921,-0.00776701611971915,0.006132877149604084,0.024060110760413138,33.477013058760406,-0.05700346176866183,0.0,0.0,0.5343914617973304,shopper_exit,inf
220.504,reverse_stop,32.48433250034921,-0.00776701611971915,0.006132877149604084,0.024060110760413138,33.477013058760406,-0.05700346176866183,0.0,0.0,0.5343914617973304,shopper_exit,inf
220.705,reverse_stop,32.48433250034921,-0.00776701611971915,0.006132877149604084,0.024060110760413138,33.477013058760406,-0.05700346176866183,0.0,0.0,0.5343914617973304,shopper_exit,inf
220.937,reverse_stop,32.48433250034921,-0.00776701611971915,0.006132877149604084,0.024060110760413138,33.477013058760406,-0.05700346176866183,0.0,0.0,0.5343914617973304,shopper_exit,inf
221.153,reverse_stop,32.48433250034921,-0.00776701611971915,0.006132877149604084,0.024060110760413138,33.477013058760406,-0.05700346176866183,0.0,0.0,0.5343914617973304,shopper_exit,inf
221.377,reverse_stop,32.48433250034921,-0.00776701611971915,0.006132877149604084,0.024060110760413138,33.477013058760406,-0.05700346176866183,0.0,0.0,0.5343914617973304,shopper_exit,inf
